2023-04-20 13:24:02,553 ｜ INFO ｜ SentenceTransformer.py ｜ __init__ ｜ 41 ｜ Load pretrained SentenceTransformer: models/paraphrase-multilingual-mpnet-base-v2
2023-04-20 13:24:02,553 ｜ INFO ｜ SentenceTransformer.py ｜ __init__ ｜ 107 ｜ Load SentenceTransformer from folder: models/paraphrase-multilingual-mpnet-base-v2
2023-04-20 13:24:06,031 ｜ INFO ｜ SentenceTransformer.py ｜ __init__ ｜ 131 ｜ Use pytorch device: cpu
2023-04-20 13:24:06,036 ｜ DEBUG ｜ milvus_helpers.py ｜ __init__ ｜ 15 ｜ Successfully connect to Milvus with IP:('127.0.0.1',) and PORT:19530
2023-04-20 13:24:06,040 ｜ DEBUG ｜ selector_events.py ｜ __init__ ｜ 54 ｜ Using selector: EpollSelector
2023-04-20 13:25:43,395 ｜ INFO ｜ SentenceTransformer.py ｜ __init__ ｜ 41 ｜ Load pretrained SentenceTransformer: models/paraphrase-multilingual-mpnet-base-v2
2023-04-20 13:25:43,395 ｜ INFO ｜ SentenceTransformer.py ｜ __init__ ｜ 107 ｜ Load SentenceTransformer from folder: models/paraphrase-multilingual-mpnet-base-v2
2023-04-20 13:25:46,576 ｜ INFO ｜ SentenceTransformer.py ｜ __init__ ｜ 131 ｜ Use pytorch device: cpu
2023-04-20 13:25:46,581 ｜ DEBUG ｜ milvus_helpers.py ｜ __init__ ｜ 15 ｜ Successfully connect to Milvus with IP:('127.0.0.1',) and PORT:19530
2023-04-20 13:25:46,585 ｜ DEBUG ｜ selector_events.py ｜ __init__ ｜ 54 ｜ Using selector: EpollSelector
2023-04-20 13:51:41,220 ｜ INFO ｜ SentenceTransformer.py ｜ __init__ ｜ 41 ｜ Load pretrained SentenceTransformer: models/paraphrase-multilingual-mpnet-base-v2
2023-04-20 13:51:41,221 ｜ INFO ｜ SentenceTransformer.py ｜ __init__ ｜ 107 ｜ Load SentenceTransformer from folder: models/paraphrase-multilingual-mpnet-base-v2
2023-04-20 13:51:44,427 ｜ INFO ｜ SentenceTransformer.py ｜ __init__ ｜ 131 ｜ Use pytorch device: cpu
2023-04-20 13:51:47,431 ｜ ERROR ｜ milvus_helpers.py ｜ __init__ ｜ 17 ｜ Failed to connect Milvus: <BaseException: (code=2, message=Fail connecting to server on *:19530. Timeout)>
2023-04-20 13:56:40,969 ｜ INFO ｜ SentenceTransformer.py ｜ __init__ ｜ 41 ｜ Load pretrained SentenceTransformer: models/paraphrase-multilingual-mpnet-base-v2
2023-04-20 13:56:40,969 ｜ INFO ｜ SentenceTransformer.py ｜ __init__ ｜ 107 ｜ Load SentenceTransformer from folder: models/paraphrase-multilingual-mpnet-base-v2
2023-04-20 13:56:44,191 ｜ INFO ｜ SentenceTransformer.py ｜ __init__ ｜ 131 ｜ Use pytorch device: cpu
2023-04-20 13:56:47,195 ｜ ERROR ｜ milvus_helpers.py ｜ __init__ ｜ 17 ｜ Failed to connect Milvus: <BaseException: (code=2, message=Fail connecting to server on 0.0.0.0.:19530. Timeout)>
2023-04-20 13:57:31,734 ｜ INFO ｜ SentenceTransformer.py ｜ __init__ ｜ 41 ｜ Load pretrained SentenceTransformer: models/paraphrase-multilingual-mpnet-base-v2
2023-04-20 13:57:31,734 ｜ INFO ｜ SentenceTransformer.py ｜ __init__ ｜ 107 ｜ Load SentenceTransformer from folder: models/paraphrase-multilingual-mpnet-base-v2
2023-04-20 13:57:35,052 ｜ INFO ｜ SentenceTransformer.py ｜ __init__ ｜ 131 ｜ Use pytorch device: cpu
2023-04-20 13:57:35,056 ｜ DEBUG ｜ milvus_helpers.py ｜ __init__ ｜ 15 ｜ Successfully connect to Milvus with IP:('0.0.0.0',) and PORT:19530
2023-04-20 13:57:35,060 ｜ DEBUG ｜ selector_events.py ｜ __init__ ｜ 54 ｜ Using selector: EpollSelector
2023-04-20 13:58:29,068 ｜ DEBUG ｜ milvus_helpers.py ｜ search_vectors ｜ 103 ｜ Successfully search in collection: ["['(distance: 0.6949708461761475, id: 440902148240703608)', '(distance: 0.6949708461761475, id: 440757844392284612)', '(distance: 0.690176784992218, id: 440902148240703581)', '(distance: 0.690176784992218, id: 440757844392284585)', '(distance: 0.6726561784744263, id: 440757844392284582)', '(distance: 0.6726561784744263, id: 440902148240703578)', '(distance: 0.6567368507385254, id: 440902148240703600)', '(distance: 0.6567367911338806, id: 440757844392284604)', '(distance: 0.6476523876190186, id: 440757844392284636)', '(distance: 0.6476523876190186, id: 440902148240703632)']"]
2023-04-20 13:58:29,070 ｜ DEBUG ｜ mysql_helpers.py ｜ search_by_milvus_id_for_answer ｜ 64 ｜ MYSQL search by milvus id.
2023-04-20 13:58:29,071 ｜ DEBUG ｜ mysql_helpers.py ｜ search_by_milvus_ids ｜ 94 ｜ MYSQL search by milvus id.
2023-04-20 13:58:29,071 ｜ DEBUG ｜ mysql_helpers.py ｜ search_by_milvus_id_for_pic ｜ 79 ｜ MYSQL search by milvus id.
2023-04-20 13:58:48,792 ｜ DEBUG ｜ milvus_helpers.py ｜ search_vectors ｜ 103 ｜ Successfully search in collection: ["['(distance: 0.6291625499725342, id: 440902148240703585)', '(distance: 0.6291624903678894, id: 440757844392284589)', '(distance: 0.6221420168876648, id: 440757844392284582)', '(distance: 0.6221420168876648, id: 440902148240703578)', '(distance: 0.6136636734008789, id: 440757844392284612)', '(distance: 0.6136636734008789, id: 440902148240703608)', '(distance: 0.611212968826294, id: 440902148240703581)', '(distance: 0.611212968826294, id: 440757844392284585)', '(distance: 0.610721230506897, id: 440902148240703632)', '(distance: 0.610721230506897, id: 440757844392284636)']"]
2023-04-20 13:58:48,794 ｜ DEBUG ｜ mysql_helpers.py ｜ search_by_milvus_id_for_answer ｜ 64 ｜ MYSQL search by milvus id.
2023-04-20 13:58:48,795 ｜ DEBUG ｜ mysql_helpers.py ｜ search_by_milvus_ids ｜ 94 ｜ MYSQL search by milvus id.
2023-04-20 13:58:48,795 ｜ DEBUG ｜ mysql_helpers.py ｜ search_by_milvus_id_for_pic ｜ 79 ｜ MYSQL search by milvus id.
2023-04-20 14:07:34,107 ｜ INFO ｜ SentenceTransformer.py ｜ __init__ ｜ 41 ｜ Load pretrained SentenceTransformer: models/paraphrase-multilingual-mpnet-base-v2
2023-04-20 14:07:34,107 ｜ INFO ｜ SentenceTransformer.py ｜ __init__ ｜ 107 ｜ Load SentenceTransformer from folder: models/paraphrase-multilingual-mpnet-base-v2
2023-04-20 14:07:37,443 ｜ INFO ｜ SentenceTransformer.py ｜ __init__ ｜ 131 ｜ Use pytorch device: cpu
2023-04-20 14:07:37,448 ｜ DEBUG ｜ milvus_helpers.py ｜ __init__ ｜ 15 ｜ Successfully connect to Milvus with IP:('0.0.0.0',) and PORT:19530
2023-04-20 14:11:49,864 ｜ INFO ｜ SentenceTransformer.py ｜ __init__ ｜ 41 ｜ Load pretrained SentenceTransformer: models/paraphrase-multilingual-mpnet-base-v2
2023-04-20 14:11:49,864 ｜ INFO ｜ SentenceTransformer.py ｜ __init__ ｜ 107 ｜ Load SentenceTransformer from folder: models/paraphrase-multilingual-mpnet-base-v2
2023-04-20 14:11:53,128 ｜ INFO ｜ SentenceTransformer.py ｜ __init__ ｜ 131 ｜ Use pytorch device: cpu
2023-04-20 14:11:53,132 ｜ DEBUG ｜ milvus_helpers.py ｜ __init__ ｜ 15 ｜ Successfully connect to Milvus with IP:('0.0.0.0',) and PORT:19530
2023-04-20 14:13:21,099 ｜ INFO ｜ SentenceTransformer.py ｜ __init__ ｜ 41 ｜ Load pretrained SentenceTransformer: models/paraphrase-multilingual-mpnet-base-v2
2023-04-20 14:13:21,099 ｜ INFO ｜ SentenceTransformer.py ｜ __init__ ｜ 107 ｜ Load SentenceTransformer from folder: models/paraphrase-multilingual-mpnet-base-v2
2023-04-20 14:13:24,367 ｜ INFO ｜ SentenceTransformer.py ｜ __init__ ｜ 131 ｜ Use pytorch device: cpu
2023-04-20 14:13:24,372 ｜ DEBUG ｜ milvus_helpers.py ｜ __init__ ｜ 15 ｜ Successfully connect to Milvus with IP:('0.0.0.0',) and PORT:19530
2023-04-20 14:13:24,377 ｜ DEBUG ｜ selector_events.py ｜ __init__ ｜ 54 ｜ Using selector: EpollSelector
2023-04-20 14:13:42,987 ｜ DEBUG ｜ milvus_helpers.py ｜ delete_collection ｜ 90 ｜ Successfully drop collection!
2023-04-20 14:13:42,998 ｜ DEBUG ｜ mysql_helpers.py ｜ delete_table ｜ 120 ｜ MYSQL delete table:milvus_qa
2023-04-20 14:13:42,998 ｜ INFO ｜ main.py ｜ drop_tables ｜ 118 ｜ Successfully drop tables in Milvus and MySQL!
2023-04-20 14:13:59,662 ｜ DEBUG ｜ multipart.py ｜ callback ｜ 586 ｜ Calling on_part_begin with no data
2023-04-20 14:13:59,662 ｜ DEBUG ｜ multipart.py ｜ callback ｜ 583 ｜ Calling on_header_field with data[42:61]
2023-04-20 14:13:59,662 ｜ DEBUG ｜ multipart.py ｜ callback ｜ 583 ｜ Calling on_header_value with data[63:103]
2023-04-20 14:13:59,662 ｜ DEBUG ｜ multipart.py ｜ callback ｜ 586 ｜ Calling on_header_end with no data
2023-04-20 14:13:59,662 ｜ DEBUG ｜ multipart.py ｜ callback ｜ 583 ｜ Calling on_header_field with data[105:117]
2023-04-20 14:13:59,662 ｜ DEBUG ｜ multipart.py ｜ callback ｜ 583 ｜ Calling on_header_value with data[119:127]
2023-04-20 14:13:59,662 ｜ DEBUG ｜ multipart.py ｜ callback ｜ 586 ｜ Calling on_header_end with no data
2023-04-20 14:13:59,662 ｜ DEBUG ｜ multipart.py ｜ callback ｜ 586 ｜ Calling on_headers_finished with no data
2023-04-20 14:13:59,662 ｜ DEBUG ｜ multipart.py ｜ callback ｜ 583 ｜ Calling on_part_data with data[131:16356]
2023-04-20 14:13:59,662 ｜ DEBUG ｜ multipart.py ｜ callback ｜ 583 ｜ Calling on_part_data with data[0:2]
2023-04-20 14:13:59,662 ｜ DEBUG ｜ multipart.py ｜ callback ｜ 583 ｜ Calling on_part_data with data[16358:16384]
2023-04-20 14:13:59,752 ｜ DEBUG ｜ multipart.py ｜ callback ｜ 583 ｜ Calling on_part_data with data[0:15923]
2023-04-20 14:13:59,752 ｜ DEBUG ｜ multipart.py ｜ callback ｜ 583 ｜ Calling on_part_data with data[0:2]
2023-04-20 14:13:59,752 ｜ DEBUG ｜ multipart.py ｜ callback ｜ 586 ｜ Calling on_part_end with no data
2023-04-20 14:13:59,752 ｜ DEBUG ｜ multipart.py ｜ callback ｜ 586 ｜ Calling on_end with no data
2023-04-20 14:14:01,374 ｜ DEBUG ｜ milvus_helpers.py ｜ create_collection ｜ 48 ｜ Create Milvus collection: <Collection>:
-------------
<name>: milvus_qa
<partitions>: [{"name": "_default", "collection_name": "milvus_qa", "description": ""}]
<description>: collection description
<schema>: {
  auto_id: True
  description: collection description
  fields: [{
    name: id
    description: 
    type: 5
    is_primary: True
    auto_id: True
  }, {
    name: embedding
    description: 
    type: 101
    params: {'dim': 768}
  }]
}

2023-04-20 14:14:01,934 ｜ DEBUG ｜ milvus_helpers.py ｜ insert ｜ 63 ｜ Insert vectors to Milvus in collection: milvus_qa with 137 rows
2023-04-20 14:14:04,462 ｜ DEBUG ｜ milvus_helpers.py ｜ create_index ｜ 76 ｜ Successfully create index in collection:milvus_qa with param:{'index_type': 'IVF_SQ8', 'metric_type': 'IP', 'params': {'nlist': 16384}}
2023-04-20 14:14:04,462 ｜ ERROR ｜ mysql_helpers.py ｜ create_mysql_table ｜ 38 ｜ MYSQL ERROR: (1115, "Unknown character set: 'utf_8_sig'") with sql: create table if not exists milvus_qa (milvus_id TEXT, question TEXT, answer TEXT, pic TEXT)ENGINE=InnoDB DEFAULT CHARSET=utf_8_sig;
2023-04-20 14:14:50,007 ｜ INFO ｜ SentenceTransformer.py ｜ __init__ ｜ 41 ｜ Load pretrained SentenceTransformer: models/paraphrase-multilingual-mpnet-base-v2
2023-04-20 14:14:50,007 ｜ INFO ｜ SentenceTransformer.py ｜ __init__ ｜ 107 ｜ Load SentenceTransformer from folder: models/paraphrase-multilingual-mpnet-base-v2
2023-04-20 14:14:53,499 ｜ INFO ｜ SentenceTransformer.py ｜ __init__ ｜ 131 ｜ Use pytorch device: cpu
2023-04-20 14:14:53,504 ｜ DEBUG ｜ milvus_helpers.py ｜ __init__ ｜ 15 ｜ Successfully connect to Milvus with IP:('0.0.0.0',) and PORT:19530
2023-04-20 14:14:53,509 ｜ DEBUG ｜ selector_events.py ｜ __init__ ｜ 54 ｜ Using selector: EpollSelector
2023-04-20 14:15:08,226 ｜ DEBUG ｜ milvus_helpers.py ｜ delete_collection ｜ 90 ｜ Successfully drop collection!
2023-04-20 14:15:08,226 ｜ DEBUG ｜ mysql_helpers.py ｜ delete_table ｜ 120 ｜ MYSQL delete table:milvus_qa
2023-04-20 14:15:08,227 ｜ INFO ｜ main.py ｜ drop_tables ｜ 118 ｜ Successfully drop tables in Milvus and MySQL!
2023-04-20 14:15:41,298 ｜ DEBUG ｜ multipart.py ｜ callback ｜ 586 ｜ Calling on_part_begin with no data
2023-04-20 14:15:41,299 ｜ DEBUG ｜ multipart.py ｜ callback ｜ 583 ｜ Calling on_header_field with data[42:61]
2023-04-20 14:15:41,299 ｜ DEBUG ｜ multipart.py ｜ callback ｜ 583 ｜ Calling on_header_value with data[63:103]
2023-04-20 14:15:41,299 ｜ DEBUG ｜ multipart.py ｜ callback ｜ 586 ｜ Calling on_header_end with no data
2023-04-20 14:15:41,299 ｜ DEBUG ｜ multipart.py ｜ callback ｜ 583 ｜ Calling on_header_field with data[105:117]
2023-04-20 14:15:41,299 ｜ DEBUG ｜ multipart.py ｜ callback ｜ 583 ｜ Calling on_header_value with data[119:127]
2023-04-20 14:15:41,299 ｜ DEBUG ｜ multipart.py ｜ callback ｜ 586 ｜ Calling on_header_end with no data
2023-04-20 14:15:41,299 ｜ DEBUG ｜ multipart.py ｜ callback ｜ 586 ｜ Calling on_headers_finished with no data
2023-04-20 14:15:41,299 ｜ DEBUG ｜ multipart.py ｜ callback ｜ 583 ｜ Calling on_part_data with data[131:16356]
2023-04-20 14:15:41,299 ｜ DEBUG ｜ multipart.py ｜ callback ｜ 583 ｜ Calling on_part_data with data[0:2]
2023-04-20 14:15:41,299 ｜ DEBUG ｜ multipart.py ｜ callback ｜ 583 ｜ Calling on_part_data with data[16358:16384]
2023-04-20 14:15:41,299 ｜ DEBUG ｜ multipart.py ｜ callback ｜ 583 ｜ Calling on_part_data with data[0:15923]
2023-04-20 14:15:41,299 ｜ DEBUG ｜ multipart.py ｜ callback ｜ 583 ｜ Calling on_part_data with data[0:2]
2023-04-20 14:15:41,299 ｜ DEBUG ｜ multipart.py ｜ callback ｜ 586 ｜ Calling on_part_end with no data
2023-04-20 14:15:41,300 ｜ DEBUG ｜ multipart.py ｜ callback ｜ 586 ｜ Calling on_end with no data
2023-04-20 14:15:42,929 ｜ DEBUG ｜ milvus_helpers.py ｜ create_collection ｜ 48 ｜ Create Milvus collection: <Collection>:
-------------
<name>: milvus_qa
<partitions>: [{"name": "_default", "collection_name": "milvus_qa", "description": ""}]
<description>: collection description
<schema>: {
  auto_id: True
  description: collection description
  fields: [{
    name: id
    description: 
    type: 5
    is_primary: True
    auto_id: True
  }, {
    name: embedding
    description: 
    type: 101
    params: {'dim': 768}
  }]
}

2023-04-20 14:15:43,496 ｜ DEBUG ｜ milvus_helpers.py ｜ insert ｜ 63 ｜ Insert vectors to Milvus in collection: milvus_qa with 137 rows
2023-04-20 14:15:46,021 ｜ DEBUG ｜ milvus_helpers.py ｜ create_index ｜ 76 ｜ Successfully create index in collection:milvus_qa with param:{'index_type': 'IVF_SQ8', 'metric_type': 'IP', 'params': {'nlist': 16384}}
2023-04-20 14:15:46,037 ｜ DEBUG ｜ mysql_helpers.py ｜ create_mysql_table ｜ 36 ｜ MYSQL create table: milvus_qa with sql: create table if not exists milvus_qa (milvus_id TEXT, question TEXT, answer TEXT, pic TEXT)ENGINE=InnoDB DEFAULT CHARSET=utf8;
2023-04-20 14:15:46,051 ｜ DEBUG ｜ mysql_helpers.py ｜ load_data_to_mysql ｜ 50 ｜ MYSQL loads data to table: milvus_qa successfully
2023-04-20 14:15:46,052 ｜ INFO ｜ main.py ｜ do_load_api ｜ 49 ｜ Successfully loaded data, total count: 137
2023-04-20 14:16:30,610 ｜ INFO ｜ SentenceTransformer.py ｜ __init__ ｜ 41 ｜ Load pretrained SentenceTransformer: models/paraphrase-multilingual-mpnet-base-v2
2023-04-20 14:16:30,610 ｜ INFO ｜ SentenceTransformer.py ｜ __init__ ｜ 107 ｜ Load SentenceTransformer from folder: models/paraphrase-multilingual-mpnet-base-v2
2023-04-20 14:16:33,983 ｜ INFO ｜ SentenceTransformer.py ｜ __init__ ｜ 131 ｜ Use pytorch device: cpu
2023-04-20 14:16:33,988 ｜ DEBUG ｜ milvus_helpers.py ｜ __init__ ｜ 15 ｜ Successfully connect to Milvus with IP:('0.0.0.0',) and PORT:19530
2023-04-20 14:16:33,993 ｜ DEBUG ｜ selector_events.py ｜ __init__ ｜ 54 ｜ Using selector: EpollSelector
2023-04-20 14:16:51,732 ｜ DEBUG ｜ milvus_helpers.py ｜ search_vectors ｜ 103 ｜ Successfully search in collection: ["['(distance: 0.9317774772644043, id: 440902148240703940)', '(distance: 0.686460018157959, id: 440902148240703923)', '(distance: 0.6847429275512695, id: 440902148240703943)', '(distance: 0.6439385414123535, id: 440902148240703938)', '(distance: 0.6408144235610962, id: 440902148240703918)', '(distance: 0.6387147903442383, id: 440902148240703936)', '(distance: 0.6268548965454102, id: 440902148240703925)', '(distance: 0.6241142749786377, id: 440902148240703950)', '(distance: 0.613323986530304, id: 440902148240703939)', '(distance: 0.6081212759017944, id: 440902148240703960)']"]
2023-04-20 14:16:51,734 ｜ DEBUG ｜ mysql_helpers.py ｜ search_by_milvus_id_for_answer ｜ 64 ｜ MYSQL search by milvus id.
2023-04-20 14:16:51,734 ｜ DEBUG ｜ mysql_helpers.py ｜ search_by_milvus_ids ｜ 94 ｜ MYSQL search by milvus id.
2023-04-20 14:16:51,735 ｜ DEBUG ｜ mysql_helpers.py ｜ search_by_milvus_id_for_pic ｜ 79 ｜ MYSQL search by milvus id.
2023-04-20 14:18:02,174 ｜ DEBUG ｜ milvus_helpers.py ｜ search_vectors ｜ 103 ｜ Successfully search in collection: ["['(distance: 0.5956858396530151, id: 440902148240703974)', '(distance: 0.5519780516624451, id: 440902148240703982)', '(distance: 0.5338257551193237, id: 440902148240703994)', '(distance: 0.5229578018188477, id: 440902148240703906)', '(distance: 0.49373242259025574, id: 440902148240703972)', '(distance: 0.49242115020751953, id: 440902148240704006)', '(distance: 0.46160629391670227, id: 440902148240703989)', '(distance: 0.4552687704563141, id: 440902148240703967)', '(distance: 0.4499201774597168, id: 440902148240703966)', '(distance: 0.44538554549217224, id: 440902148240703908)']"]
2023-04-20 14:18:02,176 ｜ DEBUG ｜ mysql_helpers.py ｜ search_by_milvus_id_for_answer ｜ 64 ｜ MYSQL search by milvus id.
2023-04-20 14:18:02,177 ｜ DEBUG ｜ mysql_helpers.py ｜ search_by_milvus_ids ｜ 94 ｜ MYSQL search by milvus id.
2023-04-20 14:18:02,177 ｜ DEBUG ｜ mysql_helpers.py ｜ search_by_milvus_id_for_pic ｜ 79 ｜ MYSQL search by milvus id.
2023-04-20 14:19:45,548 ｜ INFO ｜ SentenceTransformer.py ｜ __init__ ｜ 41 ｜ Load pretrained SentenceTransformer: models/paraphrase-multilingual-mpnet-base-v2
2023-04-20 14:19:45,548 ｜ INFO ｜ SentenceTransformer.py ｜ __init__ ｜ 107 ｜ Load SentenceTransformer from folder: models/paraphrase-multilingual-mpnet-base-v2
2023-04-20 14:19:48,840 ｜ INFO ｜ SentenceTransformer.py ｜ __init__ ｜ 131 ｜ Use pytorch device: cpu
2023-04-20 14:19:48,844 ｜ DEBUG ｜ milvus_helpers.py ｜ __init__ ｜ 15 ｜ Successfully connect to Milvus with IP:('0.0.0.0',) and PORT:19530
2023-04-20 14:19:48,849 ｜ DEBUG ｜ selector_events.py ｜ __init__ ｜ 54 ｜ Using selector: EpollSelector
2023-04-20 14:22:37,338 ｜ INFO ｜ SentenceTransformer.py ｜ __init__ ｜ 41 ｜ Load pretrained SentenceTransformer: models/paraphrase-multilingual-mpnet-base-v2
2023-04-20 14:22:37,338 ｜ INFO ｜ SentenceTransformer.py ｜ __init__ ｜ 107 ｜ Load SentenceTransformer from folder: models/paraphrase-multilingual-mpnet-base-v2
2023-04-20 14:22:40,587 ｜ INFO ｜ SentenceTransformer.py ｜ __init__ ｜ 131 ｜ Use pytorch device: cpu
2023-04-20 14:22:40,592 ｜ DEBUG ｜ milvus_helpers.py ｜ __init__ ｜ 15 ｜ Successfully connect to Milvus with IP:('0.0.0.0',) and PORT:19530
2023-04-20 14:22:40,597 ｜ DEBUG ｜ selector_events.py ｜ __init__ ｜ 54 ｜ Using selector: EpollSelector
2023-04-20 14:23:40,734 ｜ INFO ｜ SentenceTransformer.py ｜ __init__ ｜ 41 ｜ Load pretrained SentenceTransformer: models/paraphrase-multilingual-mpnet-base-v2
2023-04-20 14:23:40,734 ｜ INFO ｜ SentenceTransformer.py ｜ __init__ ｜ 107 ｜ Load SentenceTransformer from folder: models/paraphrase-multilingual-mpnet-base-v2
2023-04-20 14:23:43,909 ｜ INFO ｜ SentenceTransformer.py ｜ __init__ ｜ 131 ｜ Use pytorch device: cpu
2023-04-20 14:23:43,914 ｜ DEBUG ｜ milvus_helpers.py ｜ __init__ ｜ 15 ｜ Successfully connect to Milvus with IP:('0.0.0.0',) and PORT:19530
2023-04-20 14:23:43,919 ｜ DEBUG ｜ selector_events.py ｜ __init__ ｜ 54 ｜ Using selector: EpollSelector
2023-04-20 14:25:06,294 ｜ DEBUG ｜ milvus_helpers.py ｜ search_vectors ｜ 103 ｜ Successfully search in collection: ["['(distance: 0.6468102931976318, id: 440902148240703974)', '(distance: 0.6432027816772461, id: 440902148240703967)', '(distance: 0.6334372758865356, id: 440902148240703970)', '(distance: 0.6323930621147156, id: 440902148240703997)', '(distance: 0.6212841272354126, id: 440902148240704021)', '(distance: 0.6207946538925171, id: 440902148240703989)', '(distance: 0.606681227684021, id: 440902148240703982)', '(distance: 0.602530300617218, id: 440902148240703906)', '(distance: 0.6015235185623169, id: 440902148240703964)', '(distance: 0.5963596105575562, id: 440902148240703994)']"]
2023-04-20 14:25:06,295 ｜ DEBUG ｜ mysql_helpers.py ｜ search_by_milvus_id_for_answer ｜ 64 ｜ MYSQL search by milvus id.
2023-04-20 14:25:06,296 ｜ DEBUG ｜ mysql_helpers.py ｜ search_by_milvus_ids ｜ 94 ｜ MYSQL search by milvus id.
2023-04-20 14:25:06,297 ｜ DEBUG ｜ mysql_helpers.py ｜ search_by_milvus_id_for_pic ｜ 79 ｜ MYSQL search by milvus id.
2023-04-20 14:25:39,336 ｜ DEBUG ｜ milvus_helpers.py ｜ delete_collection ｜ 90 ｜ Successfully drop collection!
2023-04-20 14:25:39,345 ｜ DEBUG ｜ mysql_helpers.py ｜ delete_table ｜ 120 ｜ MYSQL delete table:milvus_qa
2023-04-20 14:25:39,345 ｜ INFO ｜ main.py ｜ drop_tables ｜ 118 ｜ Successfully drop tables in Milvus and MySQL!
2023-04-20 14:26:15,810 ｜ ERROR ｜ milvus_helpers.py ｜ set_collection ｜ 27 ｜ Error: There has no collection named:milvus_qa
2023-04-20 14:26:32,133 ｜ DEBUG ｜ multipart.py ｜ callback ｜ 586 ｜ Calling on_part_begin with no data
2023-04-20 14:26:32,133 ｜ DEBUG ｜ multipart.py ｜ callback ｜ 583 ｜ Calling on_header_field with data[42:61]
2023-04-20 14:26:32,134 ｜ DEBUG ｜ multipart.py ｜ callback ｜ 583 ｜ Calling on_header_value with data[63:103]
2023-04-20 14:26:32,134 ｜ DEBUG ｜ multipart.py ｜ callback ｜ 586 ｜ Calling on_header_end with no data
2023-04-20 14:26:32,134 ｜ DEBUG ｜ multipart.py ｜ callback ｜ 583 ｜ Calling on_header_field with data[105:117]
2023-04-20 14:26:32,134 ｜ DEBUG ｜ multipart.py ｜ callback ｜ 583 ｜ Calling on_header_value with data[119:127]
2023-04-20 14:26:32,134 ｜ DEBUG ｜ multipart.py ｜ callback ｜ 586 ｜ Calling on_header_end with no data
2023-04-20 14:26:32,134 ｜ DEBUG ｜ multipart.py ｜ callback ｜ 586 ｜ Calling on_headers_finished with no data
2023-04-20 14:26:32,134 ｜ DEBUG ｜ multipart.py ｜ callback ｜ 583 ｜ Calling on_part_data with data[131:14819]
2023-04-20 14:26:32,134 ｜ DEBUG ｜ multipart.py ｜ callback ｜ 583 ｜ Calling on_part_data with data[0:2]
2023-04-20 14:26:32,134 ｜ DEBUG ｜ multipart.py ｜ callback ｜ 583 ｜ Calling on_part_data with data[14821:14834]
2023-04-20 14:26:32,201 ｜ DEBUG ｜ multipart.py ｜ callback ｜ 583 ｜ Calling on_part_data with data[0:16384]
2023-04-20 14:26:32,210 ｜ DEBUG ｜ multipart.py ｜ callback ｜ 583 ｜ Calling on_part_data with data[0:1089]
2023-04-20 14:26:32,210 ｜ DEBUG ｜ multipart.py ｜ callback ｜ 583 ｜ Calling on_part_data with data[0:2]
2023-04-20 14:26:32,210 ｜ DEBUG ｜ multipart.py ｜ callback ｜ 586 ｜ Calling on_part_end with no data
2023-04-20 14:26:32,210 ｜ DEBUG ｜ multipart.py ｜ callback ｜ 586 ｜ Calling on_end with no data
2023-04-20 14:26:33,901 ｜ DEBUG ｜ milvus_helpers.py ｜ create_collection ｜ 48 ｜ Create Milvus collection: <Collection>:
-------------
<name>: milvus_qa
<partitions>: [{"name": "_default", "collection_name": "milvus_qa", "description": ""}]
<description>: collection description
<schema>: {
  auto_id: True
  description: collection description
  fields: [{
    name: id
    description: 
    type: 5
    is_primary: True
    auto_id: True
  }, {
    name: embedding
    description: 
    type: 101
    params: {'dim': 768}
  }]
}

2023-04-20 14:26:34,495 ｜ DEBUG ｜ milvus_helpers.py ｜ insert ｜ 63 ｜ Insert vectors to Milvus in collection: milvus_qa with 137 rows
2023-04-20 14:26:37,026 ｜ DEBUG ｜ milvus_helpers.py ｜ create_index ｜ 76 ｜ Successfully create index in collection:milvus_qa with param:{'index_type': 'IVF_SQ8', 'metric_type': 'IP', 'params': {'nlist': 16384}}
2023-04-20 14:26:37,042 ｜ DEBUG ｜ mysql_helpers.py ｜ create_mysql_table ｜ 36 ｜ MYSQL create table: milvus_qa with sql: create table if not exists milvus_qa (milvus_id TEXT, question TEXT, answer TEXT, pic TEXT)ENGINE=InnoDB DEFAULT CHARSET=utf8;
2023-04-20 14:26:37,058 ｜ DEBUG ｜ mysql_helpers.py ｜ load_data_to_mysql ｜ 50 ｜ MYSQL loads data to table: milvus_qa successfully
2023-04-20 14:26:37,059 ｜ INFO ｜ main.py ｜ do_load_api ｜ 49 ｜ Successfully loaded data, total count: 137
2023-04-20 14:26:54,046 ｜ DEBUG ｜ milvus_helpers.py ｜ search_vectors ｜ 103 ｜ Successfully search in collection: ["['(distance: 0.6468102931976318, id: 440902148240704158)', '(distance: 0.6432027816772461, id: 440902148240704151)', '(distance: 0.6334372758865356, id: 440902148240704154)', '(distance: 0.6323930621147156, id: 440902148240704181)', '(distance: 0.6212841272354126, id: 440902148240704205)', '(distance: 0.6207946538925171, id: 440902148240704173)', '(distance: 0.606681227684021, id: 440902148240704166)', '(distance: 0.602530300617218, id: 440902148240704090)', '(distance: 0.6015235185623169, id: 440902148240704148)', '(distance: 0.5963596105575562, id: 440902148240704178)']"]
2023-04-20 14:26:54,048 ｜ DEBUG ｜ mysql_helpers.py ｜ search_by_milvus_id_for_answer ｜ 64 ｜ MYSQL search by milvus id.
2023-04-20 14:26:54,049 ｜ DEBUG ｜ mysql_helpers.py ｜ search_by_milvus_ids ｜ 94 ｜ MYSQL search by milvus id.
2023-04-20 14:26:54,050 ｜ DEBUG ｜ mysql_helpers.py ｜ search_by_milvus_id_for_pic ｜ 79 ｜ MYSQL search by milvus id.
2023-04-20 14:26:58,915 ｜ DEBUG ｜ milvus_helpers.py ｜ search_vectors ｜ 103 ｜ Successfully search in collection: ["['(distance: 0.6468102931976318, id: 440902148240704158)', '(distance: 0.6432027816772461, id: 440902148240704151)', '(distance: 0.6334372758865356, id: 440902148240704154)', '(distance: 0.6323930621147156, id: 440902148240704181)', '(distance: 0.6212841272354126, id: 440902148240704205)', '(distance: 0.6207946538925171, id: 440902148240704173)', '(distance: 0.606681227684021, id: 440902148240704166)', '(distance: 0.602530300617218, id: 440902148240704090)', '(distance: 0.6015235185623169, id: 440902148240704148)', '(distance: 0.5963596105575562, id: 440902148240704178)']"]
2023-04-20 14:26:58,916 ｜ DEBUG ｜ mysql_helpers.py ｜ search_by_milvus_id_for_answer ｜ 64 ｜ MYSQL search by milvus id.
2023-04-20 14:26:58,918 ｜ DEBUG ｜ mysql_helpers.py ｜ search_by_milvus_ids ｜ 94 ｜ MYSQL search by milvus id.
2023-04-20 14:26:58,918 ｜ DEBUG ｜ mysql_helpers.py ｜ search_by_milvus_id_for_pic ｜ 79 ｜ MYSQL search by milvus id.
2023-04-20 14:27:04,776 ｜ DEBUG ｜ milvus_helpers.py ｜ search_vectors ｜ 103 ｜ Successfully search in collection: ["['(distance: 0.6468102931976318, id: 440902148240704158)', '(distance: 0.6432027816772461, id: 440902148240704151)', '(distance: 0.6334372758865356, id: 440902148240704154)', '(distance: 0.6323930621147156, id: 440902148240704181)', '(distance: 0.6212841272354126, id: 440902148240704205)', '(distance: 0.6207946538925171, id: 440902148240704173)', '(distance: 0.606681227684021, id: 440902148240704166)', '(distance: 0.602530300617218, id: 440902148240704090)', '(distance: 0.6015235185623169, id: 440902148240704148)', '(distance: 0.5963596105575562, id: 440902148240704178)']"]
2023-04-20 14:27:04,777 ｜ DEBUG ｜ mysql_helpers.py ｜ search_by_milvus_id_for_answer ｜ 64 ｜ MYSQL search by milvus id.
2023-04-20 14:27:04,778 ｜ DEBUG ｜ mysql_helpers.py ｜ search_by_milvus_ids ｜ 94 ｜ MYSQL search by milvus id.
2023-04-20 14:27:04,779 ｜ DEBUG ｜ mysql_helpers.py ｜ search_by_milvus_id_for_pic ｜ 79 ｜ MYSQL search by milvus id.
2023-04-20 14:27:42,493 ｜ DEBUG ｜ milvus_helpers.py ｜ search_vectors ｜ 103 ｜ Successfully search in collection: ["['(distance: 0.6523007750511169, id: 440902148240704082)', '(distance: 0.6512588262557983, id: 440902148240704174)', '(distance: 0.6502549052238464, id: 440902148240704158)', '(distance: 0.6074315309524536, id: 440902148240704169)', '(distance: 0.5886582136154175, id: 440902148240704178)', '(distance: 0.5779910683631897, id: 440902148240704172)', '(distance: 0.5618076920509338, id: 440902148240704081)', '(distance: 0.5509001016616821, id: 440902148240704132)', '(distance: 0.5464664697647095, id: 440902148240704084)', '(distance: 0.5426540374755859, id: 440902148240704156)']"]
2023-04-20 14:27:42,494 ｜ DEBUG ｜ mysql_helpers.py ｜ search_by_milvus_id_for_answer ｜ 64 ｜ MYSQL search by milvus id.
2023-04-20 14:27:42,495 ｜ DEBUG ｜ mysql_helpers.py ｜ search_by_milvus_ids ｜ 94 ｜ MYSQL search by milvus id.
2023-04-20 14:27:42,496 ｜ DEBUG ｜ mysql_helpers.py ｜ search_by_milvus_id_for_pic ｜ 79 ｜ MYSQL search by milvus id.
2023-04-20 14:28:02,222 ｜ DEBUG ｜ milvus_helpers.py ｜ search_vectors ｜ 103 ｜ Successfully search in collection: ["['(distance: 1.0000001192092896, id: 440902148240704152)', '(distance: 0.6937862634658813, id: 440902148240704091)', '(distance: 0.6190226078033447, id: 440902148240704096)', '(distance: 0.6112079620361328, id: 440902148240704154)', '(distance: 0.602816641330719, id: 440902148240704097)', '(distance: 0.601427435874939, id: 440902148240704181)', '(distance: 0.5976648330688477, id: 440902148240704186)', '(distance: 0.5825399160385132, id: 440902148240704093)', '(distance: 0.5805823802947998, id: 440902148240704189)', '(distance: 0.5784072279930115, id: 440902148240704184)']"]
2023-04-20 14:28:02,223 ｜ DEBUG ｜ mysql_helpers.py ｜ search_by_milvus_id_for_answer ｜ 64 ｜ MYSQL search by milvus id.
2023-04-20 14:28:02,224 ｜ DEBUG ｜ mysql_helpers.py ｜ search_by_milvus_ids ｜ 94 ｜ MYSQL search by milvus id.
2023-04-20 14:28:02,225 ｜ DEBUG ｜ mysql_helpers.py ｜ search_by_milvus_id_for_pic ｜ 79 ｜ MYSQL search by milvus id.
2023-04-20 14:28:07,385 ｜ DEBUG ｜ milvus_helpers.py ｜ search_vectors ｜ 103 ｜ Successfully search in collection: ["['(distance: 0.7074817419052124, id: 440902148240704152)', '(distance: 0.6077162027359009, id: 440902148240704154)', '(distance: 0.5980855226516724, id: 440902148240704201)', '(distance: 0.5846713781356812, id: 440902148240704189)', '(distance: 0.5671506524085999, id: 440902148240704181)', '(distance: 0.553733766078949, id: 440902148240704150)', '(distance: 0.5444295406341553, id: 440902148240704118)', '(distance: 0.5253404378890991, id: 440902148240704203)', '(distance: 0.5240209102630615, id: 440902148240704079)', '(distance: 0.5198169350624084, id: 440902148240704093)']"]
2023-04-20 14:28:07,387 ｜ DEBUG ｜ mysql_helpers.py ｜ search_by_milvus_id_for_answer ｜ 64 ｜ MYSQL search by milvus id.
2023-04-20 14:28:07,388 ｜ DEBUG ｜ mysql_helpers.py ｜ search_by_milvus_ids ｜ 94 ｜ MYSQL search by milvus id.
2023-04-20 14:28:07,389 ｜ DEBUG ｜ mysql_helpers.py ｜ search_by_milvus_id_for_pic ｜ 79 ｜ MYSQL search by milvus id.
2023-04-20 14:28:12,081 ｜ DEBUG ｜ milvus_helpers.py ｜ search_vectors ｜ 103 ｜ Successfully search in collection: ["['(distance: 0.742767333984375, id: 440902148240704152)', '(distance: 0.6255993843078613, id: 440902148240704154)', '(distance: 0.6159517765045166, id: 440902148240704181)', '(distance: 0.5972432494163513, id: 440902148240704201)', '(distance: 0.5794079303741455, id: 440902148240704118)', '(distance: 0.5760107040405273, id: 440902148240704150)', '(distance: 0.5686938166618347, id: 440902148240704189)', '(distance: 0.5354926586151123, id: 440902148240704202)', '(distance: 0.5292507410049438, id: 440902148240704206)', '(distance: 0.5231468677520752, id: 440902148240704093)']"]
2023-04-20 14:28:12,083 ｜ DEBUG ｜ mysql_helpers.py ｜ search_by_milvus_id_for_answer ｜ 64 ｜ MYSQL search by milvus id.
2023-04-20 14:28:12,084 ｜ DEBUG ｜ mysql_helpers.py ｜ search_by_milvus_ids ｜ 94 ｜ MYSQL search by milvus id.
2023-04-20 14:28:12,085 ｜ DEBUG ｜ mysql_helpers.py ｜ search_by_milvus_id_for_pic ｜ 79 ｜ MYSQL search by milvus id.
2023-04-20 14:28:24,517 ｜ DEBUG ｜ milvus_helpers.py ｜ search_vectors ｜ 103 ｜ Successfully search in collection: ["['(distance: 1.0000001192092896, id: 440902148240704158)', '(distance: 0.8210122585296631, id: 440902148240704178)', '(distance: 0.7442781925201416, id: 440902148240704159)', '(distance: 0.7325713634490967, id: 440902148240704166)', '(distance: 0.7027907371520996, id: 440902148240704081)', '(distance: 0.688866376876831, id: 440902148240704132)', '(distance: 0.6850279569625854, id: 440902148240704174)', '(distance: 0.6828606128692627, id: 440902148240704156)', '(distance: 0.6823543310165405, id: 440902148240704171)', '(distance: 0.6721920371055603, id: 440902148240704155)']"]
2023-04-20 14:28:24,518 ｜ DEBUG ｜ mysql_helpers.py ｜ search_by_milvus_id_for_answer ｜ 64 ｜ MYSQL search by milvus id.
2023-04-20 14:28:24,519 ｜ DEBUG ｜ mysql_helpers.py ｜ search_by_milvus_ids ｜ 94 ｜ MYSQL search by milvus id.
2023-04-20 14:28:24,520 ｜ DEBUG ｜ mysql_helpers.py ｜ search_by_milvus_id_for_pic ｜ 79 ｜ MYSQL search by milvus id.
2023-04-20 14:28:37,372 ｜ DEBUG ｜ milvus_helpers.py ｜ search_vectors ｜ 103 ｜ Successfully search in collection: ["['(distance: 1.0000001192092896, id: 440902148240704158)', '(distance: 0.8210122585296631, id: 440902148240704178)', '(distance: 0.7442781925201416, id: 440902148240704159)', '(distance: 0.7325713634490967, id: 440902148240704166)', '(distance: 0.7027907371520996, id: 440902148240704081)', '(distance: 0.688866376876831, id: 440902148240704132)', '(distance: 0.6850279569625854, id: 440902148240704174)', '(distance: 0.6828606128692627, id: 440902148240704156)', '(distance: 0.6823543310165405, id: 440902148240704171)', '(distance: 0.6721920371055603, id: 440902148240704155)']"]
2023-04-20 14:28:37,374 ｜ DEBUG ｜ mysql_helpers.py ｜ search_by_milvus_id_for_answer ｜ 64 ｜ MYSQL search by milvus id.
2023-04-20 14:28:37,374 ｜ DEBUG ｜ mysql_helpers.py ｜ search_by_milvus_ids ｜ 94 ｜ MYSQL search by milvus id.
2023-04-20 14:28:37,375 ｜ DEBUG ｜ mysql_helpers.py ｜ search_by_milvus_id_for_pic ｜ 79 ｜ MYSQL search by milvus id.
2023-04-20 14:28:47,244 ｜ DEBUG ｜ milvus_helpers.py ｜ search_vectors ｜ 103 ｜ Successfully search in collection: ["['(distance: 1.0000001192092896, id: 440902148240704158)', '(distance: 0.8210122585296631, id: 440902148240704178)', '(distance: 0.7442781925201416, id: 440902148240704159)', '(distance: 0.7325713634490967, id: 440902148240704166)', '(distance: 0.7027907371520996, id: 440902148240704081)', '(distance: 0.688866376876831, id: 440902148240704132)', '(distance: 0.6850279569625854, id: 440902148240704174)', '(distance: 0.6828606128692627, id: 440902148240704156)', '(distance: 0.6823543310165405, id: 440902148240704171)', '(distance: 0.6721920371055603, id: 440902148240704155)']"]
2023-04-20 14:28:47,245 ｜ DEBUG ｜ mysql_helpers.py ｜ search_by_milvus_id_for_answer ｜ 64 ｜ MYSQL search by milvus id.
2023-04-20 14:28:47,246 ｜ DEBUG ｜ mysql_helpers.py ｜ search_by_milvus_ids ｜ 94 ｜ MYSQL search by milvus id.
2023-04-20 14:28:47,247 ｜ DEBUG ｜ mysql_helpers.py ｜ search_by_milvus_id_for_pic ｜ 79 ｜ MYSQL search by milvus id.
2023-04-20 14:28:59,517 ｜ DEBUG ｜ milvus_helpers.py ｜ search_vectors ｜ 103 ｜ Successfully search in collection: ["['(distance: 0.6806313991546631, id: 440902148240704158)', '(distance: 0.6721999645233154, id: 440902148240704178)', '(distance: 0.6262755393981934, id: 440902148240704156)', '(distance: 0.545329213142395, id: 440902148240704166)', '(distance: 0.5362157821655273, id: 440902148240704171)', '(distance: 0.5311598777770996, id: 440902148240704169)', '(distance: 0.5288540124893188, id: 440902148240704081)', '(distance: 0.5081883072853088, id: 440902148240704159)', '(distance: 0.48499274253845215, id: 440902148240704090)', '(distance: 0.4836123585700989, id: 440902148240704163)']"]
2023-04-20 14:28:59,518 ｜ DEBUG ｜ mysql_helpers.py ｜ search_by_milvus_id_for_answer ｜ 64 ｜ MYSQL search by milvus id.
2023-04-20 14:28:59,519 ｜ DEBUG ｜ mysql_helpers.py ｜ search_by_milvus_ids ｜ 94 ｜ MYSQL search by milvus id.
2023-04-20 14:28:59,520 ｜ DEBUG ｜ mysql_helpers.py ｜ search_by_milvus_id_for_pic ｜ 79 ｜ MYSQL search by milvus id.
2023-04-20 14:29:00,994 ｜ DEBUG ｜ milvus_helpers.py ｜ search_vectors ｜ 103 ｜ Successfully search in collection: ["['(distance: 0.6806313991546631, id: 440902148240704158)', '(distance: 0.6721999645233154, id: 440902148240704178)', '(distance: 0.6262755393981934, id: 440902148240704156)', '(distance: 0.545329213142395, id: 440902148240704166)', '(distance: 0.5362157821655273, id: 440902148240704171)', '(distance: 0.5311598777770996, id: 440902148240704169)', '(distance: 0.5288540124893188, id: 440902148240704081)', '(distance: 0.5081883072853088, id: 440902148240704159)', '(distance: 0.48499274253845215, id: 440902148240704090)', '(distance: 0.4836123585700989, id: 440902148240704163)']"]
2023-04-20 14:29:00,996 ｜ DEBUG ｜ mysql_helpers.py ｜ search_by_milvus_id_for_answer ｜ 64 ｜ MYSQL search by milvus id.
2023-04-20 14:29:00,997 ｜ DEBUG ｜ mysql_helpers.py ｜ search_by_milvus_ids ｜ 94 ｜ MYSQL search by milvus id.
2023-04-20 14:29:00,998 ｜ DEBUG ｜ mysql_helpers.py ｜ search_by_milvus_id_for_pic ｜ 79 ｜ MYSQL search by milvus id.
2023-04-20 14:29:01,872 ｜ DEBUG ｜ milvus_helpers.py ｜ search_vectors ｜ 103 ｜ Successfully search in collection: ["['(distance: 0.6806313991546631, id: 440902148240704158)', '(distance: 0.6721999645233154, id: 440902148240704178)', '(distance: 0.6262755393981934, id: 440902148240704156)', '(distance: 0.545329213142395, id: 440902148240704166)', '(distance: 0.5362157821655273, id: 440902148240704171)', '(distance: 0.5311598777770996, id: 440902148240704169)', '(distance: 0.5288540124893188, id: 440902148240704081)', '(distance: 0.5081883072853088, id: 440902148240704159)', '(distance: 0.48499274253845215, id: 440902148240704090)', '(distance: 0.4836123585700989, id: 440902148240704163)']"]
2023-04-20 14:29:01,874 ｜ DEBUG ｜ mysql_helpers.py ｜ search_by_milvus_id_for_answer ｜ 64 ｜ MYSQL search by milvus id.
2023-04-20 14:29:01,874 ｜ DEBUG ｜ mysql_helpers.py ｜ search_by_milvus_ids ｜ 94 ｜ MYSQL search by milvus id.
2023-04-20 14:29:01,875 ｜ DEBUG ｜ mysql_helpers.py ｜ search_by_milvus_id_for_pic ｜ 79 ｜ MYSQL search by milvus id.
2023-04-20 14:29:30,920 ｜ DEBUG ｜ milvus_helpers.py ｜ search_vectors ｜ 103 ｜ Successfully search in collection: ["['(distance: 1.0000001192092896, id: 440902148240704158)', '(distance: 0.8210122585296631, id: 440902148240704178)', '(distance: 0.7442781925201416, id: 440902148240704159)', '(distance: 0.7325713634490967, id: 440902148240704166)', '(distance: 0.7027907371520996, id: 440902148240704081)', '(distance: 0.688866376876831, id: 440902148240704132)', '(distance: 0.6850279569625854, id: 440902148240704174)', '(distance: 0.6828606128692627, id: 440902148240704156)', '(distance: 0.6823543310165405, id: 440902148240704171)', '(distance: 0.6721920371055603, id: 440902148240704155)']"]
2023-04-20 14:29:30,922 ｜ DEBUG ｜ mysql_helpers.py ｜ search_by_milvus_id_for_answer ｜ 64 ｜ MYSQL search by milvus id.
2023-04-20 14:29:30,922 ｜ DEBUG ｜ mysql_helpers.py ｜ search_by_milvus_ids ｜ 94 ｜ MYSQL search by milvus id.
2023-04-20 14:29:30,923 ｜ DEBUG ｜ mysql_helpers.py ｜ search_by_milvus_id_for_pic ｜ 79 ｜ MYSQL search by milvus id.
2023-04-20 14:29:55,905 ｜ DEBUG ｜ milvus_helpers.py ｜ search_vectors ｜ 103 ｜ Successfully search in collection: ["['(distance: 0.7324886322021484, id: 440902148240704150)', '(distance: 0.729023277759552, id: 440902148240704092)', '(distance: 0.7164709568023682, id: 440902148240704154)', '(distance: 0.6956977844238281, id: 440902148240704181)', '(distance: 0.6671162843704224, id: 440902148240704206)', '(distance: 0.6572706699371338, id: 440902148240704190)', '(distance: 0.6543749570846558, id: 440902148240704151)', '(distance: 0.58289635181427, id: 440902148240704189)', '(distance: 0.5780277848243713, id: 440902148240704093)', '(distance: 0.5685747861862183, id: 440902148240704184)']"]
2023-04-20 14:29:55,907 ｜ DEBUG ｜ mysql_helpers.py ｜ search_by_milvus_id_for_answer ｜ 64 ｜ MYSQL search by milvus id.
2023-04-20 14:29:55,908 ｜ DEBUG ｜ mysql_helpers.py ｜ search_by_milvus_ids ｜ 94 ｜ MYSQL search by milvus id.
2023-04-20 14:29:55,909 ｜ DEBUG ｜ mysql_helpers.py ｜ search_by_milvus_id_for_pic ｜ 79 ｜ MYSQL search by milvus id.
2023-04-20 14:30:13,789 ｜ DEBUG ｜ milvus_helpers.py ｜ search_vectors ｜ 103 ｜ Successfully search in collection: ["['(distance: 0.7299011945724487, id: 440902148240704154)', '(distance: 0.7293580174446106, id: 440902148240704150)', '(distance: 0.7125558257102966, id: 440902148240704181)', '(distance: 0.6926894187927246, id: 440902148240704092)', '(distance: 0.6731599569320679, id: 440902148240704190)', '(distance: 0.6575517654418945, id: 440902148240704206)', '(distance: 0.655573844909668, id: 440902148240704151)', '(distance: 0.5835978984832764, id: 440902148240704184)', '(distance: 0.574778139591217, id: 440902148240704152)', '(distance: 0.5732724666595459, id: 440902148240704189)']"]
2023-04-20 14:30:13,790 ｜ DEBUG ｜ mysql_helpers.py ｜ search_by_milvus_id_for_answer ｜ 64 ｜ MYSQL search by milvus id.
2023-04-20 14:30:13,792 ｜ DEBUG ｜ mysql_helpers.py ｜ search_by_milvus_ids ｜ 94 ｜ MYSQL search by milvus id.
2023-04-20 14:30:13,792 ｜ DEBUG ｜ mysql_helpers.py ｜ search_by_milvus_id_for_pic ｜ 79 ｜ MYSQL search by milvus id.
2023-04-20 14:30:27,946 ｜ DEBUG ｜ milvus_helpers.py ｜ search_vectors ｜ 103 ｜ Successfully search in collection: ["['(distance: 0.6629953384399414, id: 440902148240704158)', '(distance: 0.6439738273620605, id: 440902148240704178)', '(distance: 0.6049962043762207, id: 440902148240704156)', '(distance: 0.5293318033218384, id: 440902148240704166)', '(distance: 0.5050908923149109, id: 440902148240704169)', '(distance: 0.5048847198486328, id: 440902148240704171)', '(distance: 0.5045667886734009, id: 440902148240704081)', '(distance: 0.4936429262161255, id: 440902148240704159)', '(distance: 0.4803079068660736, id: 440902148240704090)', '(distance: 0.47545376420021057, id: 440902148240704163)']"]
2023-04-20 14:30:27,948 ｜ DEBUG ｜ mysql_helpers.py ｜ search_by_milvus_id_for_answer ｜ 64 ｜ MYSQL search by milvus id.
2023-04-20 14:30:27,949 ｜ DEBUG ｜ mysql_helpers.py ｜ search_by_milvus_ids ｜ 94 ｜ MYSQL search by milvus id.
2023-04-20 14:30:27,950 ｜ DEBUG ｜ mysql_helpers.py ｜ search_by_milvus_id_for_pic ｜ 79 ｜ MYSQL search by milvus id.
2023-04-20 14:30:44,276 ｜ DEBUG ｜ milvus_helpers.py ｜ search_vectors ｜ 103 ｜ Successfully search in collection: ["['(distance: 0.7096813917160034, id: 440902148240704154)', '(distance: 0.7096280455589294, id: 440902148240704150)', '(distance: 0.691454291343689, id: 440902148240704181)', '(distance: 0.6544408798217773, id: 440902148240704190)', '(distance: 0.6536072492599487, id: 440902148240704092)', '(distance: 0.6429451704025269, id: 440902148240704151)', '(distance: 0.6352347135543823, id: 440902148240704206)', '(distance: 0.5747138261795044, id: 440902148240704152)', '(distance: 0.5607636570930481, id: 440902148240704149)', '(distance: 0.5594186186790466, id: 440902148240704090)']"]
2023-04-20 14:30:44,278 ｜ DEBUG ｜ mysql_helpers.py ｜ search_by_milvus_id_for_answer ｜ 64 ｜ MYSQL search by milvus id.
2023-04-20 14:30:44,279 ｜ DEBUG ｜ mysql_helpers.py ｜ search_by_milvus_ids ｜ 94 ｜ MYSQL search by milvus id.
2023-04-20 14:30:44,279 ｜ DEBUG ｜ mysql_helpers.py ｜ search_by_milvus_id_for_pic ｜ 79 ｜ MYSQL search by milvus id.
2023-04-20 14:31:01,650 ｜ DEBUG ｜ milvus_helpers.py ｜ search_vectors ｜ 103 ｜ Successfully search in collection: ["['(distance: 0.6114930510520935, id: 440902148240704152)', '(distance: 0.5469071865081787, id: 440902148240704146)', '(distance: 0.5434554815292358, id: 440902148240704178)', '(distance: 0.5314451456069946, id: 440902148240704097)', '(distance: 0.5125707387924194, id: 440902148240704169)', '(distance: 0.5066467523574829, id: 440902148240704158)', '(distance: 0.5059347152709961, id: 440902148240704084)', '(distance: 0.488668292760849, id: 440902148240704135)', '(distance: 0.48238444328308105, id: 440902148240704082)', '(distance: 0.4812127947807312, id: 440902148240704174)']"]
2023-04-20 14:31:01,651 ｜ DEBUG ｜ mysql_helpers.py ｜ search_by_milvus_id_for_answer ｜ 64 ｜ MYSQL search by milvus id.
2023-04-20 14:31:01,652 ｜ DEBUG ｜ mysql_helpers.py ｜ search_by_milvus_ids ｜ 94 ｜ MYSQL search by milvus id.
2023-04-20 14:31:01,653 ｜ DEBUG ｜ mysql_helpers.py ｜ search_by_milvus_id_for_pic ｜ 79 ｜ MYSQL search by milvus id.
2023-04-20 14:31:24,805 ｜ DEBUG ｜ milvus_helpers.py ｜ search_vectors ｜ 103 ｜ Successfully search in collection: ["['(distance: 0.7513269186019897, id: 440902148240704144)', '(distance: 0.7148134708404541, id: 440902148240704178)', '(distance: 0.6885795593261719, id: 440902148240704158)', '(distance: 0.6687998175621033, id: 440902148240704155)', '(distance: 0.6651729941368103, id: 440902148240704159)', '(distance: 0.6579135656356812, id: 440902148240704151)', '(distance: 0.649895966053009, id: 440902148240704081)', '(distance: 0.6422568559646606, id: 440902148240704166)', '(distance: 0.6326492428779602, id: 440902148240704145)', '(distance: 0.6273449659347534, id: 440902148240704173)']"]
2023-04-20 14:31:24,806 ｜ DEBUG ｜ mysql_helpers.py ｜ search_by_milvus_id_for_answer ｜ 64 ｜ MYSQL search by milvus id.
2023-04-20 14:31:24,807 ｜ DEBUG ｜ mysql_helpers.py ｜ search_by_milvus_ids ｜ 94 ｜ MYSQL search by milvus id.
2023-04-20 14:31:24,808 ｜ DEBUG ｜ mysql_helpers.py ｜ search_by_milvus_id_for_pic ｜ 79 ｜ MYSQL search by milvus id.
2023-04-20 14:32:37,155 ｜ INFO ｜ SentenceTransformer.py ｜ __init__ ｜ 41 ｜ Load pretrained SentenceTransformer: models/paraphrase-multilingual-mpnet-base-v2
2023-04-20 14:32:37,155 ｜ INFO ｜ SentenceTransformer.py ｜ __init__ ｜ 107 ｜ Load SentenceTransformer from folder: models/paraphrase-multilingual-mpnet-base-v2
2023-04-20 14:32:40,406 ｜ INFO ｜ SentenceTransformer.py ｜ __init__ ｜ 131 ｜ Use pytorch device: cpu
2023-04-20 14:32:40,411 ｜ DEBUG ｜ milvus_helpers.py ｜ __init__ ｜ 15 ｜ Successfully connect to Milvus with IP:('0.0.0.0',) and PORT:19530
2023-04-20 14:32:40,416 ｜ DEBUG ｜ selector_events.py ｜ __init__ ｜ 54 ｜ Using selector: EpollSelector
2023-04-20 14:33:07,869 ｜ INFO ｜ SentenceTransformer.py ｜ __init__ ｜ 41 ｜ Load pretrained SentenceTransformer: models/paraphrase-multilingual-mpnet-base-v2
2023-04-20 14:33:07,869 ｜ INFO ｜ SentenceTransformer.py ｜ __init__ ｜ 107 ｜ Load SentenceTransformer from folder: models/paraphrase-multilingual-mpnet-base-v2
2023-04-20 14:33:11,042 ｜ INFO ｜ SentenceTransformer.py ｜ __init__ ｜ 131 ｜ Use pytorch device: cpu
2023-04-20 14:33:11,047 ｜ DEBUG ｜ milvus_helpers.py ｜ __init__ ｜ 15 ｜ Successfully connect to Milvus with IP:('0.0.0.0',) and PORT:19530
2023-04-20 14:33:11,051 ｜ DEBUG ｜ selector_events.py ｜ __init__ ｜ 54 ｜ Using selector: EpollSelector
2023-04-20 14:33:39,850 ｜ DEBUG ｜ milvus_helpers.py ｜ search_vectors ｜ 103 ｜ Successfully search in collection: ["['(distance: 0.7096813917160034, id: 440902148240704154)', '(distance: 0.7096280455589294, id: 440902148240704150)', '(distance: 0.691454291343689, id: 440902148240704181)', '(distance: 0.6544408798217773, id: 440902148240704190)', '(distance: 0.6536072492599487, id: 440902148240704092)', '(distance: 0.6429451704025269, id: 440902148240704151)', '(distance: 0.6352347135543823, id: 440902148240704206)', '(distance: 0.5747138261795044, id: 440902148240704152)', '(distance: 0.5607636570930481, id: 440902148240704149)', '(distance: 0.5594186186790466, id: 440902148240704090)']"]
2023-04-20 14:33:39,852 ｜ DEBUG ｜ mysql_helpers.py ｜ search_by_milvus_id_for_answer ｜ 64 ｜ MYSQL search by milvus id.
2023-04-20 14:33:39,853 ｜ DEBUG ｜ mysql_helpers.py ｜ search_by_milvus_ids ｜ 94 ｜ MYSQL search by milvus id.
2023-04-20 14:33:39,853 ｜ DEBUG ｜ mysql_helpers.py ｜ search_by_milvus_id_for_pic ｜ 79 ｜ MYSQL search by milvus id.
2023-04-20 14:41:28,919 ｜ INFO ｜ SentenceTransformer.py ｜ __init__ ｜ 41 ｜ Load pretrained SentenceTransformer: models/paraphrase-multilingual-mpnet-base-v2
2023-04-20 14:41:28,919 ｜ INFO ｜ SentenceTransformer.py ｜ __init__ ｜ 107 ｜ Load SentenceTransformer from folder: models/paraphrase-multilingual-mpnet-base-v2
2023-04-20 14:41:32,110 ｜ INFO ｜ SentenceTransformer.py ｜ __init__ ｜ 131 ｜ Use pytorch device: cpu
2023-04-20 14:41:32,115 ｜ DEBUG ｜ milvus_helpers.py ｜ __init__ ｜ 15 ｜ Successfully connect to Milvus with IP:('0.0.0.0',) and PORT:19530
2023-04-20 14:41:32,119 ｜ DEBUG ｜ selector_events.py ｜ __init__ ｜ 54 ｜ Using selector: EpollSelector
2023-04-20 14:50:58,890 ｜ INFO ｜ SentenceTransformer.py ｜ __init__ ｜ 41 ｜ Load pretrained SentenceTransformer: models/paraphrase-multilingual-mpnet-base-v2
2023-04-20 14:50:58,890 ｜ INFO ｜ SentenceTransformer.py ｜ __init__ ｜ 107 ｜ Load SentenceTransformer from folder: models/paraphrase-multilingual-mpnet-base-v2
2023-04-20 14:51:02,172 ｜ INFO ｜ SentenceTransformer.py ｜ __init__ ｜ 131 ｜ Use pytorch device: cpu
2023-04-20 14:51:02,176 ｜ DEBUG ｜ milvus_helpers.py ｜ __init__ ｜ 15 ｜ Successfully connect to Milvus with IP:('0.0.0.0',) and PORT:19530
2023-04-20 14:51:02,180 ｜ DEBUG ｜ selector_events.py ｜ __init__ ｜ 54 ｜ Using selector: EpollSelector
2023-04-20 15:13:23,361 ｜ DEBUG ｜ milvus_helpers.py ｜ search_vectors ｜ 103 ｜ Successfully search in collection: ["['(distance: 0.7371968030929565, id: 440902148240704078)', '(distance: 0.7263524532318115, id: 440902148240704090)', '(distance: 0.5843273401260376, id: 440902148240704190)', '(distance: 0.5616267919540405, id: 440902148240704158)', '(distance: 0.5476603507995605, id: 440902148240704186)', '(distance: 0.5264870524406433, id: 440902148240704076)', '(distance: 0.5153255462646484, id: 440902148240704188)', '(distance: 0.5008513927459717, id: 440902148240704093)', '(distance: 0.5002269744873047, id: 440902148240704166)', '(distance: 0.492156445980072, id: 440902148240704152)']"]
2023-04-20 15:13:23,363 ｜ DEBUG ｜ mysql_helpers.py ｜ search_by_milvus_id_for_answer ｜ 64 ｜ MYSQL search by milvus id.
2023-04-20 15:13:23,364 ｜ DEBUG ｜ mysql_helpers.py ｜ search_by_milvus_ids ｜ 94 ｜ MYSQL search by milvus id.
2023-04-20 15:13:23,364 ｜ DEBUG ｜ mysql_helpers.py ｜ search_by_milvus_id_for_pic ｜ 79 ｜ MYSQL search by milvus id.
2023-04-20 15:13:37,470 ｜ DEBUG ｜ milvus_helpers.py ｜ search_vectors ｜ 103 ｜ Successfully search in collection: ["['(distance: 0.9004567861557007, id: 440902148240704201)', '(distance: 0.8474702835083008, id: 440902148240704118)', '(distance: 0.7774500250816345, id: 440902148240704207)', '(distance: 0.7386012673377991, id: 440902148240704210)', '(distance: 0.7274560928344727, id: 440902148240704108)', '(distance: 0.7109646797180176, id: 440902148240704103)', '(distance: 0.6780385375022888, id: 440902148240704205)', '(distance: 0.650800883769989, id: 440902148240704102)', '(distance: 0.6424999833106995, id: 440902148240704125)', '(distance: 0.6346150636672974, id: 440902148240704126)']"]
2023-04-20 15:13:37,471 ｜ DEBUG ｜ mysql_helpers.py ｜ search_by_milvus_id_for_answer ｜ 64 ｜ MYSQL search by milvus id.
2023-04-20 15:13:37,472 ｜ DEBUG ｜ mysql_helpers.py ｜ search_by_milvus_ids ｜ 94 ｜ MYSQL search by milvus id.
2023-04-20 15:13:37,473 ｜ DEBUG ｜ mysql_helpers.py ｜ search_by_milvus_id_for_pic ｜ 79 ｜ MYSQL search by milvus id.
2023-04-20 15:14:32,139 ｜ DEBUG ｜ milvus_helpers.py ｜ search_vectors ｜ 103 ｜ Successfully search in collection: ["['(distance: 0.9159549474716187, id: 440902148240704082)', '(distance: 0.7487857341766357, id: 440902148240704178)', '(distance: 0.7138652801513672, id: 440902148240704174)', '(distance: 0.6759973168373108, id: 440902148240704156)', '(distance: 0.6667540669441223, id: 440902148240704175)', '(distance: 0.6602112650871277, id: 440902148240704146)', '(distance: 0.660053014755249, id: 440902148240704081)', '(distance: 0.6582105159759521, id: 440902148240704167)', '(distance: 0.6576906442642212, id: 440902148240704080)', '(distance: 0.6551661491394043, id: 440902148240704171)']"]
2023-04-20 15:14:32,141 ｜ DEBUG ｜ mysql_helpers.py ｜ search_by_milvus_id_for_answer ｜ 64 ｜ MYSQL search by milvus id.
2023-04-20 15:14:32,142 ｜ DEBUG ｜ mysql_helpers.py ｜ search_by_milvus_ids ｜ 94 ｜ MYSQL search by milvus id.
2023-04-20 15:14:32,142 ｜ DEBUG ｜ mysql_helpers.py ｜ search_by_milvus_id_for_pic ｜ 79 ｜ MYSQL search by milvus id.
2023-04-20 15:15:12,406 ｜ DEBUG ｜ milvus_helpers.py ｜ search_vectors ｜ 103 ｜ Successfully search in collection: ["['(distance: 0.8983751535415649, id: 440902148240704096)', '(distance: 0.8971561789512634, id: 440902148240704095)', '(distance: 0.6799055337905884, id: 440902148240704091)', '(distance: 0.6377889513969421, id: 440902148240704152)', '(distance: 0.5820775032043457, id: 440902148240704184)', '(distance: 0.5317152738571167, id: 440902148240704201)', '(distance: 0.5301671028137207, id: 440902148240704108)', '(distance: 0.5212780237197876, id: 440902148240704154)', '(distance: 0.4966498017311096, id: 440902148240704181)', '(distance: 0.4914081394672394, id: 440902148240704093)']"]
2023-04-20 15:15:12,407 ｜ DEBUG ｜ mysql_helpers.py ｜ search_by_milvus_id_for_answer ｜ 64 ｜ MYSQL search by milvus id.
2023-04-20 15:15:12,408 ｜ DEBUG ｜ mysql_helpers.py ｜ search_by_milvus_ids ｜ 94 ｜ MYSQL search by milvus id.
2023-04-20 15:15:12,409 ｜ DEBUG ｜ mysql_helpers.py ｜ search_by_milvus_id_for_pic ｜ 79 ｜ MYSQL search by milvus id.
2023-04-20 15:15:51,025 ｜ DEBUG ｜ milvus_helpers.py ｜ search_vectors ｜ 103 ｜ Successfully search in collection: ["['(distance: 0.9394015073776245, id: 440902148240704096)', '(distance: 0.924912691116333, id: 440902148240704095)', '(distance: 0.6953454613685608, id: 440902148240704091)', '(distance: 0.624845027923584, id: 440902148240704152)', '(distance: 0.5906466245651245, id: 440902148240704141)', '(distance: 0.586044430732727, id: 440902148240704184)', '(distance: 0.5490374565124512, id: 440902148240704108)', '(distance: 0.5244252681732178, id: 440902148240704201)', '(distance: 0.5114524364471436, id: 440902148240704084)', '(distance: 0.5057858228683472, id: 440902148240704093)']"]
2023-04-20 15:15:51,026 ｜ DEBUG ｜ mysql_helpers.py ｜ search_by_milvus_id_for_answer ｜ 64 ｜ MYSQL search by milvus id.
2023-04-20 15:15:51,027 ｜ DEBUG ｜ mysql_helpers.py ｜ search_by_milvus_ids ｜ 94 ｜ MYSQL search by milvus id.
2023-04-20 15:15:51,028 ｜ DEBUG ｜ mysql_helpers.py ｜ search_by_milvus_id_for_pic ｜ 79 ｜ MYSQL search by milvus id.
2023-04-20 15:21:02,365 ｜ DEBUG ｜ milvus_helpers.py ｜ search_vectors ｜ 103 ｜ Successfully search in collection: ["['(distance: 0.8844984173774719, id: 440902148240704143)', '(distance: 0.7147133946418762, id: 440902148240704153)', '(distance: 0.7124496698379517, id: 440902148240704161)', '(distance: 0.6883533000946045, id: 440902148240704144)', '(distance: 0.6846523284912109, id: 440902148240704094)', '(distance: 0.6745718717575073, id: 440902148240704148)', '(distance: 0.6667370796203613, id: 440902148240704151)', '(distance: 0.6524156332015991, id: 440902148240704098)', '(distance: 0.6451138257980347, id: 440902148240704138)', '(distance: 0.6411736011505127, id: 440902148240704173)']"]
2023-04-20 15:21:02,366 ｜ DEBUG ｜ mysql_helpers.py ｜ search_by_milvus_id_for_answer ｜ 64 ｜ MYSQL search by milvus id.
2023-04-20 15:21:02,367 ｜ DEBUG ｜ mysql_helpers.py ｜ search_by_milvus_ids ｜ 94 ｜ MYSQL search by milvus id.
2023-04-20 15:21:02,368 ｜ DEBUG ｜ mysql_helpers.py ｜ search_by_milvus_id_for_pic ｜ 79 ｜ MYSQL search by milvus id.
2023-04-20 15:21:19,098 ｜ DEBUG ｜ milvus_helpers.py ｜ search_vectors ｜ 103 ｜ Successfully search in collection: ["['(distance: 0.9159549474716187, id: 440902148240704082)', '(distance: 0.7487857341766357, id: 440902148240704178)', '(distance: 0.7138652801513672, id: 440902148240704174)', '(distance: 0.6759973168373108, id: 440902148240704156)', '(distance: 0.6667540669441223, id: 440902148240704175)', '(distance: 0.6602112650871277, id: 440902148240704146)', '(distance: 0.660053014755249, id: 440902148240704081)', '(distance: 0.6582105159759521, id: 440902148240704167)', '(distance: 0.6576906442642212, id: 440902148240704080)', '(distance: 0.6551661491394043, id: 440902148240704171)']"]
2023-04-20 15:21:19,099 ｜ DEBUG ｜ mysql_helpers.py ｜ search_by_milvus_id_for_answer ｜ 64 ｜ MYSQL search by milvus id.
2023-04-20 15:21:19,100 ｜ DEBUG ｜ mysql_helpers.py ｜ search_by_milvus_ids ｜ 94 ｜ MYSQL search by milvus id.
2023-04-20 15:21:19,101 ｜ DEBUG ｜ mysql_helpers.py ｜ search_by_milvus_id_for_pic ｜ 79 ｜ MYSQL search by milvus id.
2023-04-20 15:21:34,678 ｜ DEBUG ｜ milvus_helpers.py ｜ search_vectors ｜ 103 ｜ Successfully search in collection: ["['(distance: 0.653191864490509, id: 440902148240704078)', '(distance: 0.623699426651001, id: 440902148240704169)', '(distance: 0.5946733951568604, id: 440902148240704090)', '(distance: 0.5444450378417969, id: 440902148240704158)', '(distance: 0.5344319343566895, id: 440902148240704097)', '(distance: 0.5324255228042603, id: 440902148240704186)', '(distance: 0.5120103359222412, id: 440902148240704178)', '(distance: 0.4968981146812439, id: 440902148240704146)', '(distance: 0.4837424159049988, id: 440902148240704086)', '(distance: 0.4810941517353058, id: 440902148240704174)']"]
2023-04-20 15:21:34,680 ｜ DEBUG ｜ mysql_helpers.py ｜ search_by_milvus_id_for_answer ｜ 64 ｜ MYSQL search by milvus id.
2023-04-20 15:21:34,681 ｜ DEBUG ｜ mysql_helpers.py ｜ search_by_milvus_ids ｜ 94 ｜ MYSQL search by milvus id.
2023-04-20 15:21:34,682 ｜ DEBUG ｜ mysql_helpers.py ｜ search_by_milvus_id_for_pic ｜ 79 ｜ MYSQL search by milvus id.
2023-04-20 15:23:22,226 ｜ DEBUG ｜ milvus_helpers.py ｜ search_vectors ｜ 103 ｜ Successfully search in collection: ["['(distance: 0.8773102760314941, id: 440902148240704113)', '(distance: 0.7529182434082031, id: 440902148240704075)', '(distance: 0.7083373665809631, id: 440902148240704101)', '(distance: 0.7009139060974121, id: 440902148240704145)', '(distance: 0.6992014646530151, id: 440902148240704110)', '(distance: 0.6890249252319336, id: 440902148240704098)', '(distance: 0.6880453824996948, id: 440902148240704133)', '(distance: 0.6789703369140625, id: 440902148240704109)', '(distance: 0.6764577627182007, id: 440902148240704135)', '(distance: 0.6733079552650452, id: 440902148240704112)']"]
2023-04-20 15:23:22,228 ｜ DEBUG ｜ mysql_helpers.py ｜ search_by_milvus_id_for_answer ｜ 64 ｜ MYSQL search by milvus id.
2023-04-20 15:23:22,228 ｜ DEBUG ｜ mysql_helpers.py ｜ search_by_milvus_ids ｜ 94 ｜ MYSQL search by milvus id.
2023-04-20 15:23:22,229 ｜ DEBUG ｜ mysql_helpers.py ｜ search_by_milvus_id_for_pic ｜ 79 ｜ MYSQL search by milvus id.
2023-04-20 15:24:29,255 ｜ DEBUG ｜ milvus_helpers.py ｜ search_vectors ｜ 103 ｜ Successfully search in collection: ["['(distance: 0.7457162141799927, id: 440902148240704083)', '(distance: 0.7437106966972351, id: 440902148240704172)', '(distance: 0.7361494898796082, id: 440902148240704195)', '(distance: 0.7314717769622803, id: 440902148240704084)', '(distance: 0.7222700119018555, id: 440902148240704138)', '(distance: 0.7214481830596924, id: 440902148240704078)', '(distance: 0.7172262668609619, id: 440902148240704110)', '(distance: 0.7050842046737671, id: 440902148240704197)', '(distance: 0.7017706632614136, id: 440902148240704076)', '(distance: 0.699163019657135, id: 440902148240704167)']"]
2023-04-20 15:24:29,256 ｜ DEBUG ｜ mysql_helpers.py ｜ search_by_milvus_id_for_answer ｜ 64 ｜ MYSQL search by milvus id.
2023-04-20 15:24:29,257 ｜ DEBUG ｜ mysql_helpers.py ｜ search_by_milvus_ids ｜ 94 ｜ MYSQL search by milvus id.
2023-04-20 15:24:29,258 ｜ DEBUG ｜ mysql_helpers.py ｜ search_by_milvus_id_for_pic ｜ 79 ｜ MYSQL search by milvus id.
2023-04-20 15:24:39,346 ｜ DEBUG ｜ milvus_helpers.py ｜ search_vectors ｜ 103 ｜ Successfully search in collection: ["['(distance: 0.8252230882644653, id: 440902148240704135)', '(distance: 0.7249987125396729, id: 440902148240704075)', '(distance: 0.7087969779968262, id: 440902148240704178)', '(distance: 0.7023859024047852, id: 440902148240704175)', '(distance: 0.6774783134460449, id: 440902148240704146)', '(distance: 0.6463298797607422, id: 440902148240704174)', '(distance: 0.628135085105896, id: 440902148240704084)', '(distance: 0.6259478330612183, id: 440902148240704158)', '(distance: 0.6196168065071106, id: 440902148240704145)', '(distance: 0.6037483215332031, id: 440902148240704193)']"]
2023-04-20 15:24:39,348 ｜ DEBUG ｜ mysql_helpers.py ｜ search_by_milvus_id_for_answer ｜ 64 ｜ MYSQL search by milvus id.
2023-04-20 15:24:39,349 ｜ DEBUG ｜ mysql_helpers.py ｜ search_by_milvus_ids ｜ 94 ｜ MYSQL search by milvus id.
2023-04-20 15:24:39,349 ｜ DEBUG ｜ mysql_helpers.py ｜ search_by_milvus_id_for_pic ｜ 79 ｜ MYSQL search by milvus id.
2023-04-20 15:25:03,815 ｜ DEBUG ｜ milvus_helpers.py ｜ search_vectors ｜ 103 ｜ Successfully search in collection: ["['(distance: 0.5945714712142944, id: 440902148240704146)', '(distance: 0.542622447013855, id: 440902148240704169)', '(distance: 0.5213875770568848, id: 440902148240704162)', '(distance: 0.5041130781173706, id: 440902148240704168)', '(distance: 0.47067737579345703, id: 440902148240704086)', '(distance: 0.43867355585098267, id: 440902148240704139)', '(distance: 0.43031004071235657, id: 440902148240704170)', '(distance: 0.4174061417579651, id: 440902148240704191)', '(distance: 0.40999943017959595, id: 440902148240704141)', '(distance: 0.40703684091567993, id: 440902148240704084)']"]
2023-04-20 15:25:03,817 ｜ DEBUG ｜ mysql_helpers.py ｜ search_by_milvus_id_for_answer ｜ 64 ｜ MYSQL search by milvus id.
2023-04-20 15:25:03,818 ｜ DEBUG ｜ mysql_helpers.py ｜ search_by_milvus_ids ｜ 94 ｜ MYSQL search by milvus id.
2023-04-20 15:25:03,819 ｜ DEBUG ｜ mysql_helpers.py ｜ search_by_milvus_id_for_pic ｜ 79 ｜ MYSQL search by milvus id.
2023-04-20 15:25:25,907 ｜ DEBUG ｜ milvus_helpers.py ｜ search_vectors ｜ 103 ｜ Successfully search in collection: ["['(distance: 0.4588244557380676, id: 440902148240704086)', '(distance: 0.44948381185531616, id: 440902148240704178)', '(distance: 0.43064719438552856, id: 440902148240704169)', '(distance: 0.42252957820892334, id: 440902148240704175)', '(distance: 0.40824073553085327, id: 440902148240704146)', '(distance: 0.3979749083518982, id: 440902148240704135)', '(distance: 0.3904614746570587, id: 440902148240704075)', '(distance: 0.38538241386413574, id: 440902148240704174)', '(distance: 0.3837617039680481, id: 440902148240704104)', '(distance: 0.37631329894065857, id: 440902148240704158)']"]
2023-04-20 15:25:25,908 ｜ DEBUG ｜ mysql_helpers.py ｜ search_by_milvus_id_for_answer ｜ 64 ｜ MYSQL search by milvus id.
2023-04-20 15:25:25,909 ｜ DEBUG ｜ mysql_helpers.py ｜ search_by_milvus_ids ｜ 94 ｜ MYSQL search by milvus id.
2023-04-20 15:25:25,910 ｜ DEBUG ｜ mysql_helpers.py ｜ search_by_milvus_id_for_pic ｜ 79 ｜ MYSQL search by milvus id.
2023-04-20 15:25:32,810 ｜ DEBUG ｜ milvus_helpers.py ｜ search_vectors ｜ 103 ｜ Successfully search in collection: ["['(distance: 0.6163204312324524, id: 440902148240704169)', '(distance: 0.6026593446731567, id: 440902148240704178)', '(distance: 0.5882062911987305, id: 440902148240704086)', '(distance: 0.5511157512664795, id: 440902148240704158)', '(distance: 0.5508341193199158, id: 440902148240704081)', '(distance: 0.5288051962852478, id: 440902148240704146)', '(distance: 0.5140999555587769, id: 440902148240704171)', '(distance: 0.5000624656677246, id: 440902148240704175)', '(distance: 0.4985872805118561, id: 440902148240704110)', '(distance: 0.48791074752807617, id: 440902148240704082)']"]
2023-04-20 15:25:32,811 ｜ DEBUG ｜ mysql_helpers.py ｜ search_by_milvus_id_for_answer ｜ 64 ｜ MYSQL search by milvus id.
2023-04-20 15:25:32,812 ｜ DEBUG ｜ mysql_helpers.py ｜ search_by_milvus_ids ｜ 94 ｜ MYSQL search by milvus id.
2023-04-20 15:25:32,812 ｜ DEBUG ｜ mysql_helpers.py ｜ search_by_milvus_id_for_pic ｜ 79 ｜ MYSQL search by milvus id.
2023-04-20 15:25:49,650 ｜ DEBUG ｜ milvus_helpers.py ｜ search_vectors ｜ 103 ｜ Successfully search in collection: ["['(distance: 0.7457162141799927, id: 440902148240704083)', '(distance: 0.7437106966972351, id: 440902148240704172)', '(distance: 0.7361494898796082, id: 440902148240704195)', '(distance: 0.7314717769622803, id: 440902148240704084)', '(distance: 0.7222700119018555, id: 440902148240704138)', '(distance: 0.7214481830596924, id: 440902148240704078)', '(distance: 0.7172262668609619, id: 440902148240704110)', '(distance: 0.7050842046737671, id: 440902148240704197)', '(distance: 0.7017706632614136, id: 440902148240704076)', '(distance: 0.699163019657135, id: 440902148240704167)']"]
2023-04-20 15:25:49,652 ｜ DEBUG ｜ mysql_helpers.py ｜ search_by_milvus_id_for_answer ｜ 64 ｜ MYSQL search by milvus id.
2023-04-20 15:25:49,652 ｜ DEBUG ｜ mysql_helpers.py ｜ search_by_milvus_ids ｜ 94 ｜ MYSQL search by milvus id.
2023-04-20 15:25:49,653 ｜ DEBUG ｜ mysql_helpers.py ｜ search_by_milvus_id_for_pic ｜ 79 ｜ MYSQL search by milvus id.
2023-04-20 15:25:50,132 ｜ DEBUG ｜ milvus_helpers.py ｜ search_vectors ｜ 103 ｜ Successfully search in collection: ["['(distance: 0.9011675119400024, id: 440902148240704201)', '(distance: 0.8484788537025452, id: 440902148240704118)', '(distance: 0.7599871158599854, id: 440902148240704207)', '(distance: 0.7284507751464844, id: 440902148240704210)', '(distance: 0.7142521739006042, id: 440902148240704108)', '(distance: 0.6934804320335388, id: 440902148240704103)', '(distance: 0.6523655652999878, id: 440902148240704205)', '(distance: 0.6273449659347534, id: 440902148240704125)', '(distance: 0.6270745396614075, id: 440902148240704102)', '(distance: 0.6200014352798462, id: 440902148240704126)']"]
2023-04-20 15:25:50,133 ｜ DEBUG ｜ mysql_helpers.py ｜ search_by_milvus_id_for_answer ｜ 64 ｜ MYSQL search by milvus id.
2023-04-20 15:25:50,134 ｜ DEBUG ｜ mysql_helpers.py ｜ search_by_milvus_ids ｜ 94 ｜ MYSQL search by milvus id.
2023-04-20 15:25:50,135 ｜ DEBUG ｜ mysql_helpers.py ｜ search_by_milvus_id_for_pic ｜ 79 ｜ MYSQL search by milvus id.
2023-04-20 15:25:59,062 ｜ DEBUG ｜ milvus_helpers.py ｜ search_vectors ｜ 103 ｜ Successfully search in collection: ["['(distance: 0.842180609703064, id: 440902148240704138)', '(distance: 0.7794688940048218, id: 440902148240704160)', '(distance: 0.775290310382843, id: 440902148240704161)', '(distance: 0.7306360006332397, id: 440902148240704157)', '(distance: 0.7148058414459229, id: 440902148240704164)', '(distance: 0.7083442211151123, id: 440902148240704195)', '(distance: 0.6659191250801086, id: 440902148240704143)', '(distance: 0.6613354086875916, id: 440902148240704159)', '(distance: 0.6477853655815125, id: 440902148240704165)', '(distance: 0.6448919177055359, id: 440902148240704144)']"]
2023-04-20 15:25:59,064 ｜ DEBUG ｜ mysql_helpers.py ｜ search_by_milvus_id_for_answer ｜ 64 ｜ MYSQL search by milvus id.
2023-04-20 15:25:59,064 ｜ DEBUG ｜ mysql_helpers.py ｜ search_by_milvus_ids ｜ 94 ｜ MYSQL search by milvus id.
2023-04-20 15:25:59,065 ｜ DEBUG ｜ mysql_helpers.py ｜ search_by_milvus_id_for_pic ｜ 79 ｜ MYSQL search by milvus id.
2023-04-20 15:27:53,349 ｜ DEBUG ｜ milvus_helpers.py ｜ search_vectors ｜ 103 ｜ Successfully search in collection: ["['(distance: 1.0, id: 440902148240704075)', '(distance: 0.8239814639091492, id: 440902148240704135)', '(distance: 0.7952518463134766, id: 440902148240704109)', '(distance: 0.7767813205718994, id: 440902148240704113)', '(distance: 0.7385753393173218, id: 440902148240704134)', '(distance: 0.7314795255661011, id: 440902148240704083)', '(distance: 0.7146958112716675, id: 440902148240704098)', '(distance: 0.7119708061218262, id: 440902148240704122)', '(distance: 0.7114752531051636, id: 440902148240704123)', '(distance: 0.7114482522010803, id: 440902148240704136)']"]
2023-04-20 15:27:53,351 ｜ DEBUG ｜ mysql_helpers.py ｜ search_by_milvus_id_for_answer ｜ 64 ｜ MYSQL search by milvus id.
2023-04-20 15:27:53,351 ｜ DEBUG ｜ mysql_helpers.py ｜ search_by_milvus_ids ｜ 94 ｜ MYSQL search by milvus id.
2023-04-20 15:27:53,352 ｜ DEBUG ｜ mysql_helpers.py ｜ search_by_milvus_id_for_pic ｜ 79 ｜ MYSQL search by milvus id.
2023-04-20 15:28:03,374 ｜ DEBUG ｜ milvus_helpers.py ｜ search_vectors ｜ 103 ｜ Successfully search in collection: ["['(distance: 0.44078660011291504, id: 440902148240704146)', '(distance: 0.4195822775363922, id: 440902148240704169)', '(distance: 0.4062184691429138, id: 440902148240704086)', '(distance: 0.34950682520866394, id: 440902148240704111)', '(distance: 0.3486952781677246, id: 440902148240704106)', '(distance: 0.3458808362483978, id: 440902148240704178)', '(distance: 0.3453419804573059, id: 440902148240704082)', '(distance: 0.3301429748535156, id: 440902148240704081)', '(distance: 0.329015851020813, id: 440902148240704174)', '(distance: 0.3284430503845215, id: 440902148240704075)']"]
2023-04-20 15:28:03,375 ｜ DEBUG ｜ mysql_helpers.py ｜ search_by_milvus_id_for_answer ｜ 64 ｜ MYSQL search by milvus id.
2023-04-20 15:28:03,376 ｜ DEBUG ｜ mysql_helpers.py ｜ search_by_milvus_ids ｜ 94 ｜ MYSQL search by milvus id.
2023-04-20 15:28:03,377 ｜ DEBUG ｜ mysql_helpers.py ｜ search_by_milvus_id_for_pic ｜ 79 ｜ MYSQL search by milvus id.
2023-04-20 15:28:15,214 ｜ DEBUG ｜ milvus_helpers.py ｜ search_vectors ｜ 103 ｜ Successfully search in collection: ["['(distance: 0.7371968030929565, id: 440902148240704078)', '(distance: 0.7263524532318115, id: 440902148240704090)', '(distance: 0.5843273401260376, id: 440902148240704190)', '(distance: 0.5616267919540405, id: 440902148240704158)', '(distance: 0.5476603507995605, id: 440902148240704186)', '(distance: 0.5264870524406433, id: 440902148240704076)', '(distance: 0.5153255462646484, id: 440902148240704188)', '(distance: 0.5008513927459717, id: 440902148240704093)', '(distance: 0.5002269744873047, id: 440902148240704166)', '(distance: 0.492156445980072, id: 440902148240704152)']"]
2023-04-20 15:28:15,216 ｜ DEBUG ｜ mysql_helpers.py ｜ search_by_milvus_id_for_answer ｜ 64 ｜ MYSQL search by milvus id.
2023-04-20 15:28:15,217 ｜ DEBUG ｜ mysql_helpers.py ｜ search_by_milvus_ids ｜ 94 ｜ MYSQL search by milvus id.
2023-04-20 15:28:15,219 ｜ DEBUG ｜ mysql_helpers.py ｜ search_by_milvus_id_for_pic ｜ 79 ｜ MYSQL search by milvus id.
2023-04-20 15:28:50,542 ｜ DEBUG ｜ milvus_helpers.py ｜ search_vectors ｜ 103 ｜ Successfully search in collection: ["['(distance: 0.9005469083786011, id: 440902148240704075)', '(distance: 0.7866198420524597, id: 440902148240704135)', '(distance: 0.7409684658050537, id: 440902148240704174)', '(distance: 0.7322631478309631, id: 440902148240704113)', '(distance: 0.7261267304420471, id: 440902148240704103)', '(distance: 0.6947073340415955, id: 440902148240704098)', '(distance: 0.6919909715652466, id: 440902148240704109)', '(distance: 0.6790663599967957, id: 440902148240704136)', '(distance: 0.6750484704971313, id: 440902148240704134)', '(distance: 0.6592151522636414, id: 440902148240704123)']"]
2023-04-20 15:28:50,543 ｜ DEBUG ｜ mysql_helpers.py ｜ search_by_milvus_id_for_answer ｜ 64 ｜ MYSQL search by milvus id.
2023-04-20 15:28:50,544 ｜ DEBUG ｜ mysql_helpers.py ｜ search_by_milvus_ids ｜ 94 ｜ MYSQL search by milvus id.
2023-04-20 15:28:50,545 ｜ DEBUG ｜ mysql_helpers.py ｜ search_by_milvus_id_for_pic ｜ 79 ｜ MYSQL search by milvus id.
2023-04-20 15:29:00,777 ｜ DEBUG ｜ milvus_helpers.py ｜ search_vectors ｜ 103 ｜ Successfully search in collection: ["['(distance: 0.7973728775978088, id: 440902148240704110)', '(distance: 0.7420520782470703, id: 440902148240704146)', '(distance: 0.7201266884803772, id: 440902148240704175)', '(distance: 0.7043780088424683, id: 440902148240704101)', '(distance: 0.6988868713378906, id: 440902148240704145)', '(distance: 0.6923352479934692, id: 440902148240704179)', '(distance: 0.6839458346366882, id: 440902148240704144)', '(distance: 0.6770527362823486, id: 440902148240704148)', '(distance: 0.6700772047042847, id: 440902148240704164)', '(distance: 0.6697369813919067, id: 440902148240704159)']"]
2023-04-20 15:29:00,778 ｜ DEBUG ｜ mysql_helpers.py ｜ search_by_milvus_id_for_answer ｜ 64 ｜ MYSQL search by milvus id.
2023-04-20 15:29:00,779 ｜ DEBUG ｜ mysql_helpers.py ｜ search_by_milvus_ids ｜ 94 ｜ MYSQL search by milvus id.
2023-04-20 15:29:00,780 ｜ DEBUG ｜ mysql_helpers.py ｜ search_by_milvus_id_for_pic ｜ 79 ｜ MYSQL search by milvus id.
2023-04-20 15:29:06,306 ｜ DEBUG ｜ milvus_helpers.py ｜ search_vectors ｜ 103 ｜ Successfully search in collection: ["['(distance: 0.7272223234176636, id: 440902148240704126)', '(distance: 0.6674214601516724, id: 440902148240704174)', '(distance: 0.6408458948135376, id: 440902148240704084)', '(distance: 0.6335662007331848, id: 440902148240704146)', '(distance: 0.6202878952026367, id: 440902148240704125)', '(distance: 0.5989412069320679, id: 440902148240704119)', '(distance: 0.5887828469276428, id: 440902148240704169)', '(distance: 0.5883989334106445, id: 440902148240704088)', '(distance: 0.5838271975517273, id: 440902148240704097)', '(distance: 0.5764453411102295, id: 440902148240704199)']"]
2023-04-20 15:29:06,307 ｜ DEBUG ｜ mysql_helpers.py ｜ search_by_milvus_id_for_answer ｜ 64 ｜ MYSQL search by milvus id.
2023-04-20 15:29:06,308 ｜ DEBUG ｜ mysql_helpers.py ｜ search_by_milvus_ids ｜ 94 ｜ MYSQL search by milvus id.
2023-04-20 15:29:06,309 ｜ DEBUG ｜ mysql_helpers.py ｜ search_by_milvus_id_for_pic ｜ 79 ｜ MYSQL search by milvus id.
2023-04-20 15:29:39,745 ｜ DEBUG ｜ milvus_helpers.py ｜ search_vectors ｜ 103 ｜ Successfully search in collection: ["['(distance: 0.4588244557380676, id: 440902148240704086)', '(distance: 0.44948381185531616, id: 440902148240704178)', '(distance: 0.43064719438552856, id: 440902148240704169)', '(distance: 0.42252957820892334, id: 440902148240704175)', '(distance: 0.40824073553085327, id: 440902148240704146)', '(distance: 0.3979749083518982, id: 440902148240704135)', '(distance: 0.3904614746570587, id: 440902148240704075)', '(distance: 0.38538241386413574, id: 440902148240704174)', '(distance: 0.3837617039680481, id: 440902148240704104)', '(distance: 0.37631329894065857, id: 440902148240704158)']"]
2023-04-20 15:29:39,747 ｜ DEBUG ｜ mysql_helpers.py ｜ search_by_milvus_id_for_answer ｜ 64 ｜ MYSQL search by milvus id.
2023-04-20 15:29:39,747 ｜ DEBUG ｜ mysql_helpers.py ｜ search_by_milvus_ids ｜ 94 ｜ MYSQL search by milvus id.
2023-04-20 15:29:39,748 ｜ DEBUG ｜ mysql_helpers.py ｜ search_by_milvus_id_for_pic ｜ 79 ｜ MYSQL search by milvus id.
2023-04-20 15:30:39,047 ｜ DEBUG ｜ milvus_helpers.py ｜ search_vectors ｜ 103 ｜ Successfully search in collection: ["['(distance: 0.4588244557380676, id: 440902148240704086)', '(distance: 0.44948381185531616, id: 440902148240704178)', '(distance: 0.43064719438552856, id: 440902148240704169)', '(distance: 0.42252957820892334, id: 440902148240704175)', '(distance: 0.40824073553085327, id: 440902148240704146)', '(distance: 0.3979749083518982, id: 440902148240704135)', '(distance: 0.3904614746570587, id: 440902148240704075)', '(distance: 0.38538241386413574, id: 440902148240704174)', '(distance: 0.3837617039680481, id: 440902148240704104)', '(distance: 0.37631329894065857, id: 440902148240704158)']"]
2023-04-20 15:30:39,048 ｜ DEBUG ｜ mysql_helpers.py ｜ search_by_milvus_id_for_answer ｜ 64 ｜ MYSQL search by milvus id.
2023-04-20 15:30:39,049 ｜ DEBUG ｜ mysql_helpers.py ｜ search_by_milvus_ids ｜ 94 ｜ MYSQL search by milvus id.
2023-04-20 15:30:39,050 ｜ DEBUG ｜ mysql_helpers.py ｜ search_by_milvus_id_for_pic ｜ 79 ｜ MYSQL search by milvus id.
2023-04-20 15:30:56,354 ｜ DEBUG ｜ milvus_helpers.py ｜ search_vectors ｜ 103 ｜ Successfully search in collection: ["['(distance: 0.9999997615814209, id: 440902148240704076)', '(distance: 0.705654501914978, id: 440902148240704208)', '(distance: 0.6763119697570801, id: 440902148240704078)', '(distance: 0.6526389122009277, id: 440902148240704211)', '(distance: 0.623482346534729, id: 440902148240704188)', '(distance: 0.6126219034194946, id: 440902148240704172)', '(distance: 0.5968585014343262, id: 440902148240704083)', '(distance: 0.5916900634765625, id: 440902148240704196)', '(distance: 0.5908145904541016, id: 440902148240704079)', '(distance: 0.5863620042800903, id: 440902148240704197)']"]
2023-04-20 15:30:56,355 ｜ DEBUG ｜ mysql_helpers.py ｜ search_by_milvus_id_for_answer ｜ 64 ｜ MYSQL search by milvus id.
2023-04-20 15:30:56,356 ｜ DEBUG ｜ mysql_helpers.py ｜ search_by_milvus_ids ｜ 94 ｜ MYSQL search by milvus id.
2023-04-20 15:30:56,357 ｜ DEBUG ｜ mysql_helpers.py ｜ search_by_milvus_id_for_pic ｜ 79 ｜ MYSQL search by milvus id.
2023-04-20 15:37:01,486 ｜ DEBUG ｜ milvus_helpers.py ｜ search_vectors ｜ 103 ｜ Successfully search in collection: ["['(distance: 1.0, id: 440902148240704077)', '(distance: 0.7215287685394287, id: 440902148240704115)', '(distance: 0.6814277768135071, id: 440902148240704083)', '(distance: 0.6778681874275208, id: 440902148240704109)', '(distance: 0.6663172245025635, id: 440902148240704144)', '(distance: 0.6570068597793579, id: 440902148240704131)', '(distance: 0.6517957448959351, id: 440902148240704102)', '(distance: 0.6498827338218689, id: 440902148240704122)', '(distance: 0.6422595977783203, id: 440902148240704172)', '(distance: 0.6422381401062012, id: 440902148240704101)']"]
2023-04-20 15:37:01,487 ｜ DEBUG ｜ mysql_helpers.py ｜ search_by_milvus_id_for_answer ｜ 64 ｜ MYSQL search by milvus id.
2023-04-20 15:37:01,488 ｜ DEBUG ｜ mysql_helpers.py ｜ search_by_milvus_ids ｜ 94 ｜ MYSQL search by milvus id.
2023-04-20 15:37:01,488 ｜ DEBUG ｜ mysql_helpers.py ｜ search_by_milvus_id_for_pic ｜ 79 ｜ MYSQL search by milvus id.
2023-04-20 15:37:10,172 ｜ DEBUG ｜ milvus_helpers.py ｜ search_vectors ｜ 103 ｜ Successfully search in collection: ["['(distance: 0.9999999403953552, id: 440902148240704078)', '(distance: 0.6787576675415039, id: 440902148240704137)', '(distance: 0.6763119697570801, id: 440902148240704076)', '(distance: 0.64845871925354, id: 440902148240704205)', '(distance: 0.639014482498169, id: 440902148240704151)', '(distance: 0.632989764213562, id: 440902148240704147)', '(distance: 0.629727303981781, id: 440902148240704136)', '(distance: 0.6256698369979858, id: 440902148240704139)', '(distance: 0.6197578310966492, id: 440902148240704155)', '(distance: 0.6106207370758057, id: 440902148240704158)']"]
2023-04-20 15:37:10,173 ｜ DEBUG ｜ mysql_helpers.py ｜ search_by_milvus_id_for_answer ｜ 64 ｜ MYSQL search by milvus id.
2023-04-20 15:37:10,174 ｜ DEBUG ｜ mysql_helpers.py ｜ search_by_milvus_ids ｜ 94 ｜ MYSQL search by milvus id.
2023-04-20 15:37:10,174 ｜ DEBUG ｜ mysql_helpers.py ｜ search_by_milvus_id_for_pic ｜ 79 ｜ MYSQL search by milvus id.
2023-04-20 15:37:50,727 ｜ DEBUG ｜ milvus_helpers.py ｜ search_vectors ｜ 103 ｜ Successfully search in collection: ["['(distance: 0.6806313991546631, id: 440902148240704158)', '(distance: 0.6721999645233154, id: 440902148240704178)', '(distance: 0.6262755393981934, id: 440902148240704156)', '(distance: 0.545329213142395, id: 440902148240704166)', '(distance: 0.5362157821655273, id: 440902148240704171)', '(distance: 0.5311598777770996, id: 440902148240704169)', '(distance: 0.5288540124893188, id: 440902148240704081)', '(distance: 0.5081883072853088, id: 440902148240704159)', '(distance: 0.48499274253845215, id: 440902148240704090)', '(distance: 0.4836123585700989, id: 440902148240704163)']"]
2023-04-20 15:37:50,728 ｜ DEBUG ｜ mysql_helpers.py ｜ search_by_milvus_id_for_answer ｜ 64 ｜ MYSQL search by milvus id.
2023-04-20 15:37:50,729 ｜ DEBUG ｜ mysql_helpers.py ｜ search_by_milvus_ids ｜ 94 ｜ MYSQL search by milvus id.
2023-04-20 15:37:50,730 ｜ DEBUG ｜ mysql_helpers.py ｜ search_by_milvus_id_for_pic ｜ 79 ｜ MYSQL search by milvus id.
2023-04-20 15:38:00,763 ｜ DEBUG ｜ milvus_helpers.py ｜ search_vectors ｜ 103 ｜ Successfully search in collection: ["['(distance: 0.7096813917160034, id: 440902148240704154)', '(distance: 0.7096280455589294, id: 440902148240704150)', '(distance: 0.691454291343689, id: 440902148240704181)', '(distance: 0.6544408798217773, id: 440902148240704190)', '(distance: 0.6536072492599487, id: 440902148240704092)', '(distance: 0.6429451704025269, id: 440902148240704151)', '(distance: 0.6352347135543823, id: 440902148240704206)', '(distance: 0.5747138261795044, id: 440902148240704152)', '(distance: 0.5607636570930481, id: 440902148240704149)', '(distance: 0.5594186186790466, id: 440902148240704090)']"]
2023-04-20 15:38:00,765 ｜ DEBUG ｜ mysql_helpers.py ｜ search_by_milvus_id_for_answer ｜ 64 ｜ MYSQL search by milvus id.
2023-04-20 15:38:00,765 ｜ DEBUG ｜ mysql_helpers.py ｜ search_by_milvus_ids ｜ 94 ｜ MYSQL search by milvus id.
2023-04-20 15:38:00,766 ｜ DEBUG ｜ mysql_helpers.py ｜ search_by_milvus_id_for_pic ｜ 79 ｜ MYSQL search by milvus id.
2023-04-20 15:38:01,760 ｜ DEBUG ｜ milvus_helpers.py ｜ search_vectors ｜ 103 ｜ Successfully search in collection: ["['(distance: 1.0, id: 440902148240704079)', '(distance: 0.7260981798171997, id: 440902148240704172)', '(distance: 0.6994590759277344, id: 440902148240704081)', '(distance: 0.6885467767715454, id: 440902148240704132)', '(distance: 0.661063015460968, id: 440902148240704083)', '(distance: 0.6495516300201416, id: 440902148240704130)', '(distance: 0.6290326118469238, id: 440902148240704084)', '(distance: 0.6250326633453369, id: 440902148240704196)', '(distance: 0.6241248846054077, id: 440902148240704131)', '(distance: 0.6121636629104614, id: 440902148240704080)']"]
2023-04-20 15:38:01,762 ｜ DEBUG ｜ mysql_helpers.py ｜ search_by_milvus_id_for_answer ｜ 64 ｜ MYSQL search by milvus id.
2023-04-20 15:38:01,763 ｜ DEBUG ｜ mysql_helpers.py ｜ search_by_milvus_ids ｜ 94 ｜ MYSQL search by milvus id.
2023-04-20 15:38:01,763 ｜ DEBUG ｜ mysql_helpers.py ｜ search_by_milvus_id_for_pic ｜ 79 ｜ MYSQL search by milvus id.
2023-04-20 15:38:20,863 ｜ DEBUG ｜ milvus_helpers.py ｜ search_vectors ｜ 103 ｜ Successfully search in collection: ["['(distance: 0.9999998211860657, id: 440902148240704080)', '(distance: 0.7369658350944519, id: 440902148240704174)', '(distance: 0.7268816232681274, id: 440902148240704081)', '(distance: 0.7202366590499878, id: 440902148240704082)', '(distance: 0.701033890247345, id: 440902148240704132)', '(distance: 0.6819177865982056, id: 440902148240704167)', '(distance: 0.6806755065917969, id: 440902148240704172)', '(distance: 0.6705644130706787, id: 440902148240704130)', '(distance: 0.6606596112251282, id: 440902148240704083)', '(distance: 0.6540132761001587, id: 440902148240704075)']"]
2023-04-20 15:38:20,864 ｜ DEBUG ｜ mysql_helpers.py ｜ search_by_milvus_id_for_answer ｜ 64 ｜ MYSQL search by milvus id.
2023-04-20 15:38:20,865 ｜ DEBUG ｜ mysql_helpers.py ｜ search_by_milvus_ids ｜ 94 ｜ MYSQL search by milvus id.
2023-04-20 15:38:20,866 ｜ DEBUG ｜ mysql_helpers.py ｜ search_by_milvus_id_for_pic ｜ 79 ｜ MYSQL search by milvus id.
2023-04-20 15:38:40,964 ｜ DEBUG ｜ milvus_helpers.py ｜ search_vectors ｜ 103 ｜ Successfully search in collection: ["['(distance: 1.0, id: 440902148240704081)', '(distance: 0.8686302304267883, id: 440902148240704132)', '(distance: 0.763176441192627, id: 440902148240704130)', '(distance: 0.7404125928878784, id: 440902148240704082)', '(distance: 0.7268816232681274, id: 440902148240704080)', '(distance: 0.7129848003387451, id: 440902148240704172)', '(distance: 0.7027907371520996, id: 440902148240704158)', '(distance: 0.6994590759277344, id: 440902148240704079)', '(distance: 0.6899150013923645, id: 440902148240704145)', '(distance: 0.6827647686004639, id: 440902148240704178)']"]
2023-04-20 15:38:40,965 ｜ DEBUG ｜ mysql_helpers.py ｜ search_by_milvus_id_for_answer ｜ 64 ｜ MYSQL search by milvus id.
2023-04-20 15:38:40,966 ｜ DEBUG ｜ mysql_helpers.py ｜ search_by_milvus_ids ｜ 94 ｜ MYSQL search by milvus id.
2023-04-20 15:38:40,967 ｜ DEBUG ｜ mysql_helpers.py ｜ search_by_milvus_id_for_pic ｜ 79 ｜ MYSQL search by milvus id.
2023-04-20 15:38:52,194 ｜ DEBUG ｜ milvus_helpers.py ｜ search_vectors ｜ 103 ｜ Successfully search in collection: ["['(distance: 0.9999997615814209, id: 440902148240704082)', '(distance: 0.7657418251037598, id: 440902148240704117)', '(distance: 0.7634941935539246, id: 440902148240704174)', '(distance: 0.7609431743621826, id: 440902148240704172)', '(distance: 0.7404125928878784, id: 440902148240704081)', '(distance: 0.7383682131767273, id: 440902148240704132)', '(distance: 0.7202366590499878, id: 440902148240704080)', '(distance: 0.7156574130058289, id: 440902148240704130)', '(distance: 0.6920778751373291, id: 440902148240704129)', '(distance: 0.6877979040145874, id: 440902148240704083)']"]
2023-04-20 15:38:52,195 ｜ DEBUG ｜ mysql_helpers.py ｜ search_by_milvus_id_for_answer ｜ 64 ｜ MYSQL search by milvus id.
2023-04-20 15:38:52,196 ｜ DEBUG ｜ mysql_helpers.py ｜ search_by_milvus_ids ｜ 94 ｜ MYSQL search by milvus id.
2023-04-20 15:38:52,197 ｜ DEBUG ｜ mysql_helpers.py ｜ search_by_milvus_id_for_pic ｜ 79 ｜ MYSQL search by milvus id.
2023-04-20 15:39:06,028 ｜ DEBUG ｜ milvus_helpers.py ｜ search_vectors ｜ 103 ｜ Successfully search in collection: ["['(distance: 0.9999999403953552, id: 440902148240704083)', '(distance: 0.8659778237342834, id: 440902148240704172)', '(distance: 0.7694907784461975, id: 440902148240704129)', '(distance: 0.7326122522354126, id: 440902148240704109)', '(distance: 0.7314795255661011, id: 440902148240704075)', '(distance: 0.7245216965675354, id: 440902148240704131)', '(distance: 0.7195558547973633, id: 440902148240704130)', '(distance: 0.6996957659721375, id: 440902148240704136)', '(distance: 0.6931949257850647, id: 440902148240704144)', '(distance: 0.6920558214187622, id: 440902148240704137)']"]
2023-04-20 15:39:06,029 ｜ DEBUG ｜ mysql_helpers.py ｜ search_by_milvus_id_for_answer ｜ 64 ｜ MYSQL search by milvus id.
2023-04-20 15:39:06,030 ｜ DEBUG ｜ mysql_helpers.py ｜ search_by_milvus_ids ｜ 94 ｜ MYSQL search by milvus id.
2023-04-20 15:39:06,031 ｜ DEBUG ｜ mysql_helpers.py ｜ search_by_milvus_id_for_pic ｜ 79 ｜ MYSQL search by milvus id.
2023-04-20 15:39:27,953 ｜ DEBUG ｜ milvus_helpers.py ｜ search_vectors ｜ 103 ｜ Successfully search in collection: ["['(distance: 1.0, id: 440902148240704084)', '(distance: 0.7108491659164429, id: 440902148240704174)', '(distance: 0.6896191835403442, id: 440902148240704146)', '(distance: 0.6679484844207764, id: 440902148240704175)', '(distance: 0.6556198596954346, id: 440902148240704172)', '(distance: 0.6533392667770386, id: 440902148240704083)', '(distance: 0.6348133087158203, id: 440902148240704197)', '(distance: 0.6290327310562134, id: 440902148240704079)', '(distance: 0.6247491240501404, id: 440902148240704141)', '(distance: 0.6225361824035645, id: 440902148240704177)']"]
2023-04-20 15:39:27,954 ｜ DEBUG ｜ mysql_helpers.py ｜ search_by_milvus_id_for_answer ｜ 64 ｜ MYSQL search by milvus id.
2023-04-20 15:39:27,955 ｜ DEBUG ｜ mysql_helpers.py ｜ search_by_milvus_ids ｜ 94 ｜ MYSQL search by milvus id.
2023-04-20 15:39:27,956 ｜ DEBUG ｜ mysql_helpers.py ｜ search_by_milvus_id_for_pic ｜ 79 ｜ MYSQL search by milvus id.
2023-04-20 15:39:59,073 ｜ DEBUG ｜ milvus_helpers.py ｜ search_vectors ｜ 103 ｜ Successfully search in collection: ["['(distance: 1.0000001192092896, id: 440902148240704085)', '(distance: 0.7053270936012268, id: 440902148240704176)', '(distance: 0.5405751466751099, id: 440902148240704182)', '(distance: 0.5114830732345581, id: 440902148240704088)', '(distance: 0.5067432522773743, id: 440902148240704191)', '(distance: 0.4945318102836609, id: 440902148240704183)', '(distance: 0.47596174478530884, id: 440902148240704089)', '(distance: 0.4697677493095398, id: 440902148240704210)', '(distance: 0.4680137038230896, id: 440902148240704100)', '(distance: 0.46612510085105896, id: 440902148240704179)']"]
2023-04-20 15:39:59,074 ｜ DEBUG ｜ mysql_helpers.py ｜ search_by_milvus_id_for_answer ｜ 64 ｜ MYSQL search by milvus id.
2023-04-20 15:39:59,075 ｜ DEBUG ｜ mysql_helpers.py ｜ search_by_milvus_ids ｜ 94 ｜ MYSQL search by milvus id.
2023-04-20 15:39:59,076 ｜ DEBUG ｜ mysql_helpers.py ｜ search_by_milvus_id_for_pic ｜ 79 ｜ MYSQL search by milvus id.
2023-04-20 15:41:37,750 ｜ DEBUG ｜ milvus_helpers.py ｜ search_vectors ｜ 103 ｜ Successfully search in collection: ["['(distance: 1.0, id: 440902148240704086)', '(distance: 0.8905807733535767, id: 440902148240704169)', '(distance: 0.6948323249816895, id: 440902148240704146)', '(distance: 0.5642490386962891, id: 440902148240704175)', '(distance: 0.551511824131012, id: 440902148240704168)', '(distance: 0.5473026633262634, id: 440902148240704177)', '(distance: 0.544459342956543, id: 440902148240704174)', '(distance: 0.5438156127929688, id: 440902148240704135)', '(distance: 0.5427340269088745, id: 440902148240704178)', '(distance: 0.5347882509231567, id: 440902148240704158)']"]
2023-04-20 15:41:37,751 ｜ DEBUG ｜ mysql_helpers.py ｜ search_by_milvus_id_for_answer ｜ 64 ｜ MYSQL search by milvus id.
2023-04-20 15:41:37,752 ｜ DEBUG ｜ mysql_helpers.py ｜ search_by_milvus_ids ｜ 94 ｜ MYSQL search by milvus id.
2023-04-20 15:41:37,753 ｜ DEBUG ｜ mysql_helpers.py ｜ search_by_milvus_id_for_pic ｜ 79 ｜ MYSQL search by milvus id.
2023-04-20 15:41:58,025 ｜ DEBUG ｜ milvus_helpers.py ｜ search_vectors ｜ 103 ｜ Successfully search in collection: ["['(distance: 1.0, id: 440902148240704087)', '(distance: 0.6296654939651489, id: 440902148240704089)', '(distance: 0.5350015163421631, id: 440902148240704168)', '(distance: 0.49326783418655396, id: 440902148240704088)', '(distance: 0.48566049337387085, id: 440902148240704191)', '(distance: 0.4722653329372406, id: 440902148240704198)', '(distance: 0.4599795341491699, id: 440902148240704100)', '(distance: 0.45161768794059753, id: 440902148240704185)', '(distance: 0.42588624358177185, id: 440902148240704180)', '(distance: 0.42511457204818726, id: 440902148240704199)']"]
2023-04-20 15:41:58,026 ｜ DEBUG ｜ mysql_helpers.py ｜ search_by_milvus_id_for_answer ｜ 64 ｜ MYSQL search by milvus id.
2023-04-20 15:41:58,027 ｜ DEBUG ｜ mysql_helpers.py ｜ search_by_milvus_ids ｜ 94 ｜ MYSQL search by milvus id.
2023-04-20 15:41:58,028 ｜ DEBUG ｜ mysql_helpers.py ｜ search_by_milvus_id_for_pic ｜ 79 ｜ MYSQL search by milvus id.
2023-04-20 15:42:14,726 ｜ DEBUG ｜ milvus_helpers.py ｜ search_vectors ｜ 103 ｜ Successfully search in collection: ["['(distance: 0.9999998807907104, id: 440902148240704088)', '(distance: 0.5697058439254761, id: 440902148240704100)', '(distance: 0.5522671937942505, id: 440902148240704089)', '(distance: 0.5475598573684692, id: 440902148240704147)', '(distance: 0.5440932512283325, id: 440902148240704168)', '(distance: 0.5423730611801147, id: 440902148240704162)', '(distance: 0.5235820412635803, id: 440902148240704203)', '(distance: 0.5235761404037476, id: 440902148240704170)', '(distance: 0.519929051399231, id: 440902148240704191)', '(distance: 0.5114829540252686, id: 440902148240704085)']"]
2023-04-20 15:42:14,728 ｜ DEBUG ｜ mysql_helpers.py ｜ search_by_milvus_id_for_answer ｜ 64 ｜ MYSQL search by milvus id.
2023-04-20 15:42:14,728 ｜ DEBUG ｜ mysql_helpers.py ｜ search_by_milvus_ids ｜ 94 ｜ MYSQL search by milvus id.
2023-04-20 15:42:14,729 ｜ DEBUG ｜ mysql_helpers.py ｜ search_by_milvus_id_for_pic ｜ 79 ｜ MYSQL search by milvus id.
2023-04-20 15:42:41,465 ｜ DEBUG ｜ milvus_helpers.py ｜ search_vectors ｜ 103 ｜ Successfully search in collection: ["['(distance: 0.9999998807907104, id: 440902148240704089)', '(distance: 0.6529403924942017, id: 440902148240704100)', '(distance: 0.6453880071640015, id: 440902148240704167)', '(distance: 0.6296654939651489, id: 440902148240704087)', '(distance: 0.6211050748825073, id: 440902148240704142)', '(distance: 0.6187312006950378, id: 440902148240704168)', '(distance: 0.6127800345420837, id: 440902148240704146)', '(distance: 0.6053958535194397, id: 440902148240704191)', '(distance: 0.5992974042892456, id: 440902148240704177)', '(distance: 0.5750468969345093, id: 440902148240704080)']"]
2023-04-20 15:42:41,466 ｜ DEBUG ｜ mysql_helpers.py ｜ search_by_milvus_id_for_answer ｜ 64 ｜ MYSQL search by milvus id.
2023-04-20 15:42:41,467 ｜ DEBUG ｜ mysql_helpers.py ｜ search_by_milvus_ids ｜ 94 ｜ MYSQL search by milvus id.
2023-04-20 15:42:41,468 ｜ DEBUG ｜ mysql_helpers.py ｜ search_by_milvus_id_for_pic ｜ 79 ｜ MYSQL search by milvus id.
2023-04-20 15:42:58,485 ｜ DEBUG ｜ milvus_helpers.py ｜ search_vectors ｜ 103 ｜ Successfully search in collection: ["['(distance: 1.0, id: 440902148240704090)', '(distance: 0.7045037746429443, id: 440902148240704173)', '(distance: 0.6583375930786133, id: 440902148240704186)', '(distance: 0.6257612109184265, id: 440902148240704093)', '(distance: 0.6105028390884399, id: 440902148240704158)', '(distance: 0.6011413931846619, id: 440902148240704154)', '(distance: 0.5977251529693604, id: 440902148240704097)', '(distance: 0.5798696875572205, id: 440902148240704190)', '(distance: 0.5606973171234131, id: 440902148240704178)', '(distance: 0.5477094650268555, id: 440902148240704094)']"]
2023-04-20 15:42:58,486 ｜ DEBUG ｜ mysql_helpers.py ｜ search_by_milvus_id_for_answer ｜ 64 ｜ MYSQL search by milvus id.
2023-04-20 15:42:58,487 ｜ DEBUG ｜ mysql_helpers.py ｜ search_by_milvus_ids ｜ 94 ｜ MYSQL search by milvus id.
2023-04-20 15:42:58,488 ｜ DEBUG ｜ mysql_helpers.py ｜ search_by_milvus_id_for_pic ｜ 79 ｜ MYSQL search by milvus id.
2023-04-20 15:43:09,029 ｜ DEBUG ｜ milvus_helpers.py ｜ search_vectors ｜ 103 ｜ Successfully search in collection: ["['(distance: 0.7572610378265381, id: 440902148240704097)', '(distance: 0.5560814142227173, id: 440902148240704186)', '(distance: 0.5536854267120361, id: 440902148240704174)', '(distance: 0.5306134223937988, id: 440902148240704084)', '(distance: 0.5289946794509888, id: 440902148240704172)', '(distance: 0.5225116014480591, id: 440902148240704103)', '(distance: 0.5128831267356873, id: 440902148240704126)', '(distance: 0.5109639167785645, id: 440902148240704079)', '(distance: 0.5106884837150574, id: 440902148240704131)', '(distance: 0.5089825391769409, id: 440902148240704075)']"]
2023-04-20 15:43:09,031 ｜ DEBUG ｜ mysql_helpers.py ｜ search_by_milvus_id_for_answer ｜ 64 ｜ MYSQL search by milvus id.
2023-04-20 15:43:09,032 ｜ DEBUG ｜ mysql_helpers.py ｜ search_by_milvus_ids ｜ 94 ｜ MYSQL search by milvus id.
2023-04-20 15:43:09,032 ｜ DEBUG ｜ mysql_helpers.py ｜ search_by_milvus_id_for_pic ｜ 79 ｜ MYSQL search by milvus id.
2023-04-20 15:43:54,864 ｜ DEBUG ｜ milvus_helpers.py ｜ search_vectors ｜ 103 ｜ Successfully search in collection: ["['(distance: 1.0000001192092896, id: 440902148240704091)', '(distance: 0.7257606387138367, id: 440902148240704096)', '(distance: 0.6937862634658813, id: 440902148240704152)', '(distance: 0.6598860621452332, id: 440902148240704095)', '(distance: 0.6012946367263794, id: 440902148240704189)', '(distance: 0.5853828191757202, id: 440902148240704154)', '(distance: 0.5523604154586792, id: 440902148240704181)', '(distance: 0.5287153720855713, id: 440902148240704184)', '(distance: 0.5108808279037476, id: 440902148240704206)', '(distance: 0.5097354054450989, id: 440902148240704203)']"]
2023-04-20 15:43:54,865 ｜ DEBUG ｜ mysql_helpers.py ｜ search_by_milvus_id_for_answer ｜ 64 ｜ MYSQL search by milvus id.
2023-04-20 15:43:54,866 ｜ DEBUG ｜ mysql_helpers.py ｜ search_by_milvus_ids ｜ 94 ｜ MYSQL search by milvus id.
2023-04-20 15:43:54,867 ｜ DEBUG ｜ mysql_helpers.py ｜ search_by_milvus_id_for_pic ｜ 79 ｜ MYSQL search by milvus id.
2023-04-20 15:44:06,832 ｜ DEBUG ｜ milvus_helpers.py ｜ search_vectors ｜ 103 ｜ Successfully search in collection: ["['(distance: 1.0, id: 440902148240704092)', '(distance: 0.7593557834625244, id: 440902148240704154)', '(distance: 0.7562076449394226, id: 440902148240704150)', '(distance: 0.7548974752426147, id: 440902148240704206)', '(distance: 0.7010315656661987, id: 440902148240704181)', '(distance: 0.6695794463157654, id: 440902148240704184)', '(distance: 0.6289620995521545, id: 440902148240704093)', '(distance: 0.6248800158500671, id: 440902148240704189)', '(distance: 0.611064076423645, id: 440902148240704190)', '(distance: 0.5934492945671082, id: 440902148240704151)']"]
2023-04-20 15:44:06,834 ｜ DEBUG ｜ mysql_helpers.py ｜ search_by_milvus_id_for_answer ｜ 64 ｜ MYSQL search by milvus id.
2023-04-20 15:44:06,835 ｜ DEBUG ｜ mysql_helpers.py ｜ search_by_milvus_ids ｜ 94 ｜ MYSQL search by milvus id.
2023-04-20 15:44:06,835 ｜ DEBUG ｜ mysql_helpers.py ｜ search_by_milvus_id_for_pic ｜ 79 ｜ MYSQL search by milvus id.
2023-04-20 15:44:58,187 ｜ DEBUG ｜ milvus_helpers.py ｜ search_vectors ｜ 103 ｜ Successfully search in collection: ["['(distance: 0.9999998211860657, id: 440902148240704093)', '(distance: 0.7289085984230042, id: 440902148240704154)', '(distance: 0.6549695730209351, id: 440902148240704189)', '(distance: 0.6289620995521545, id: 440902148240704092)', '(distance: 0.6257609724998474, id: 440902148240704090)', '(distance: 0.6245867013931274, id: 440902148240704206)', '(distance: 0.6216588616371155, id: 440902148240704150)', '(distance: 0.5825397968292236, id: 440902148240704152)', '(distance: 0.5664685964584351, id: 440902148240704184)', '(distance: 0.5546929836273193, id: 440902148240704181)']"]
2023-04-20 15:44:58,189 ｜ DEBUG ｜ mysql_helpers.py ｜ search_by_milvus_id_for_answer ｜ 64 ｜ MYSQL search by milvus id.
2023-04-20 15:44:58,190 ｜ DEBUG ｜ mysql_helpers.py ｜ search_by_milvus_ids ｜ 94 ｜ MYSQL search by milvus id.
2023-04-20 15:44:58,190 ｜ DEBUG ｜ mysql_helpers.py ｜ search_by_milvus_id_for_pic ｜ 79 ｜ MYSQL search by milvus id.
2023-04-20 15:45:09,322 ｜ DEBUG ｜ milvus_helpers.py ｜ search_vectors ｜ 103 ｜ Successfully search in collection: ["['(distance: 1.0000001192092896, id: 440902148240704094)', '(distance: 0.8103011846542358, id: 440902148240704151)', '(distance: 0.7307201623916626, id: 440902148240704153)', '(distance: 0.7107007503509521, id: 440902148240704161)', '(distance: 0.706601619720459, id: 440902148240704143)', '(distance: 0.6928524971008301, id: 440902148240704203)', '(distance: 0.6586366891860962, id: 440902148240704165)', '(distance: 0.6575664281845093, id: 440902148240704148)', '(distance: 0.6525321006774902, id: 440902148240704149)', '(distance: 0.6340716481208801, id: 440902148240704098)']"]
2023-04-20 15:45:09,324 ｜ DEBUG ｜ mysql_helpers.py ｜ search_by_milvus_id_for_answer ｜ 64 ｜ MYSQL search by milvus id.
2023-04-20 15:45:09,324 ｜ DEBUG ｜ mysql_helpers.py ｜ search_by_milvus_ids ｜ 94 ｜ MYSQL search by milvus id.
2023-04-20 15:45:09,325 ｜ DEBUG ｜ mysql_helpers.py ｜ search_by_milvus_id_for_pic ｜ 79 ｜ MYSQL search by milvus id.
2023-04-20 15:45:48,028 ｜ DEBUG ｜ milvus_helpers.py ｜ search_vectors ｜ 103 ｜ Successfully search in collection: ["['(distance: 1.0, id: 440902148240704095)', '(distance: 0.9290517568588257, id: 440902148240704096)', '(distance: 0.6598861217498779, id: 440902148240704091)', '(distance: 0.6371477842330933, id: 440902148240704141)', '(distance: 0.5826492309570312, id: 440902148240704108)', '(distance: 0.5486803650856018, id: 440902148240704201)', '(distance: 0.5394586324691772, id: 440902148240704152)', '(distance: 0.4953332245349884, id: 440902148240704207)', '(distance: 0.4943808913230896, id: 440902148240704184)', '(distance: 0.4916806221008301, id: 440902148240704210)']"]
2023-04-20 15:45:48,029 ｜ DEBUG ｜ mysql_helpers.py ｜ search_by_milvus_id_for_answer ｜ 64 ｜ MYSQL search by milvus id.
2023-04-20 15:45:48,030 ｜ DEBUG ｜ mysql_helpers.py ｜ search_by_milvus_ids ｜ 94 ｜ MYSQL search by milvus id.
2023-04-20 15:45:48,030 ｜ DEBUG ｜ mysql_helpers.py ｜ search_by_milvus_id_for_pic ｜ 79 ｜ MYSQL search by milvus id.
2023-04-20 15:46:20,780 ｜ DEBUG ｜ milvus_helpers.py ｜ search_vectors ｜ 103 ｜ Successfully search in collection: ["['(distance: 1.0, id: 440902148240704096)', '(distance: 0.9290516376495361, id: 440902148240704095)', '(distance: 0.7257606983184814, id: 440902148240704091)', '(distance: 0.6190226078033447, id: 440902148240704152)', '(distance: 0.5874519348144531, id: 440902148240704141)', '(distance: 0.5480470657348633, id: 440902148240704108)', '(distance: 0.5306757688522339, id: 440902148240704184)', '(distance: 0.5004937052726746, id: 440902148240704084)', '(distance: 0.498513787984848, id: 440902148240704196)', '(distance: 0.4675786793231964, id: 440902148240704133)']"]
2023-04-20 15:46:20,782 ｜ DEBUG ｜ mysql_helpers.py ｜ search_by_milvus_id_for_answer ｜ 64 ｜ MYSQL search by milvus id.
2023-04-20 15:46:20,783 ｜ DEBUG ｜ mysql_helpers.py ｜ search_by_milvus_ids ｜ 94 ｜ MYSQL search by milvus id.
2023-04-20 15:46:20,784 ｜ DEBUG ｜ mysql_helpers.py ｜ search_by_milvus_id_for_pic ｜ 79 ｜ MYSQL search by milvus id.
2023-04-20 15:47:44,140 ｜ DEBUG ｜ milvus_helpers.py ｜ search_vectors ｜ 103 ｜ Successfully search in collection: ["['(distance: 0.9999999403953552, id: 440902148240704097)', '(distance: 0.6733921766281128, id: 440902148240704186)', '(distance: 0.6028167009353638, id: 440902148240704152)', '(distance: 0.5977250933647156, id: 440902148240704090)', '(distance: 0.5787895917892456, id: 440902148240704174)', '(distance: 0.5351079702377319, id: 440902148240704126)', '(distance: 0.5124115943908691, id: 440902148240704075)', '(distance: 0.48886916041374207, id: 440902148240704084)', '(distance: 0.47130969166755676, id: 440902148240704103)', '(distance: 0.46775513887405396, id: 440902148240704135)']"]
2023-04-20 15:47:44,141 ｜ DEBUG ｜ mysql_helpers.py ｜ search_by_milvus_id_for_answer ｜ 64 ｜ MYSQL search by milvus id.
2023-04-20 15:47:44,142 ｜ DEBUG ｜ mysql_helpers.py ｜ search_by_milvus_ids ｜ 94 ｜ MYSQL search by milvus id.
2023-04-20 15:47:44,143 ｜ DEBUG ｜ mysql_helpers.py ｜ search_by_milvus_id_for_pic ｜ 79 ｜ MYSQL search by milvus id.
2023-04-20 15:47:57,443 ｜ DEBUG ｜ milvus_helpers.py ｜ search_vectors ｜ 103 ｜ Successfully search in collection: ["['(distance: 1.0000001192092896, id: 440902148240704098)', '(distance: 0.7446230053901672, id: 440902148240704122)', '(distance: 0.7146958112716675, id: 440902148240704075)', '(distance: 0.7068526744842529, id: 440902148240704109)', '(distance: 0.6837348341941833, id: 440902148240704113)', '(distance: 0.6821363568305969, id: 440902148240704153)', '(distance: 0.6455974578857422, id: 440902148240704133)', '(distance: 0.6340717077255249, id: 440902148240704094)', '(distance: 0.6330581903457642, id: 440902148240704148)', '(distance: 0.6278237700462341, id: 440902148240704195)']"]
2023-04-20 15:47:57,444 ｜ DEBUG ｜ mysql_helpers.py ｜ search_by_milvus_id_for_answer ｜ 64 ｜ MYSQL search by milvus id.
2023-04-20 15:47:57,445 ｜ DEBUG ｜ mysql_helpers.py ｜ search_by_milvus_ids ｜ 94 ｜ MYSQL search by milvus id.
2023-04-20 15:47:57,446 ｜ DEBUG ｜ mysql_helpers.py ｜ search_by_milvus_id_for_pic ｜ 79 ｜ MYSQL search by milvus id.
2023-04-20 15:47:57,718 ｜ DEBUG ｜ milvus_helpers.py ｜ search_vectors ｜ 103 ｜ Successfully search in collection: ["['(distance: 0.37555190920829773, id: 440902148240704169)', '(distance: 0.37247738242149353, id: 440902148240704086)', '(distance: 0.3696746528148651, id: 440902148240704135)', '(distance: 0.34986332058906555, id: 440902148240704178)', '(distance: 0.32806023955345154, id: 440902148240704146)', '(distance: 0.3042803704738617, id: 440902148240704097)', '(distance: 0.300554096698761, id: 440902148240704158)', '(distance: 0.2839837372303009, id: 440902148240704194)', '(distance: 0.2770000100135803, id: 440902148240704162)', '(distance: 0.27258414030075073, id: 440902148240704090)']"]
2023-04-20 15:47:57,720 ｜ DEBUG ｜ mysql_helpers.py ｜ search_by_milvus_id_for_answer ｜ 64 ｜ MYSQL search by milvus id.
2023-04-20 15:47:57,720 ｜ DEBUG ｜ mysql_helpers.py ｜ search_by_milvus_ids ｜ 94 ｜ MYSQL search by milvus id.
2023-04-20 15:47:57,721 ｜ DEBUG ｜ mysql_helpers.py ｜ search_by_milvus_id_for_pic ｜ 79 ｜ MYSQL search by milvus id.
2023-04-20 15:48:01,176 ｜ DEBUG ｜ milvus_helpers.py ｜ search_vectors ｜ 103 ｜ Successfully search in collection: ["['(distance: 0.37555190920829773, id: 440902148240704169)', '(distance: 0.37247738242149353, id: 440902148240704086)', '(distance: 0.3696746528148651, id: 440902148240704135)', '(distance: 0.34986332058906555, id: 440902148240704178)', '(distance: 0.32806023955345154, id: 440902148240704146)', '(distance: 0.3042803704738617, id: 440902148240704097)', '(distance: 0.300554096698761, id: 440902148240704158)', '(distance: 0.2839837372303009, id: 440902148240704194)', '(distance: 0.2770000100135803, id: 440902148240704162)', '(distance: 0.27258414030075073, id: 440902148240704090)']"]
2023-04-20 15:48:01,177 ｜ DEBUG ｜ mysql_helpers.py ｜ search_by_milvus_id_for_answer ｜ 64 ｜ MYSQL search by milvus id.
2023-04-20 15:48:01,178 ｜ DEBUG ｜ mysql_helpers.py ｜ search_by_milvus_ids ｜ 94 ｜ MYSQL search by milvus id.
2023-04-20 15:48:01,179 ｜ DEBUG ｜ mysql_helpers.py ｜ search_by_milvus_id_for_pic ｜ 79 ｜ MYSQL search by milvus id.
2023-04-20 15:48:42,669 ｜ DEBUG ｜ milvus_helpers.py ｜ search_vectors ｜ 103 ｜ Successfully search in collection: ["['(distance: 0.37555190920829773, id: 440902148240704169)', '(distance: 0.37247738242149353, id: 440902148240704086)', '(distance: 0.3696746528148651, id: 440902148240704135)', '(distance: 0.34986332058906555, id: 440902148240704178)', '(distance: 0.32806023955345154, id: 440902148240704146)', '(distance: 0.3042803704738617, id: 440902148240704097)', '(distance: 0.300554096698761, id: 440902148240704158)', '(distance: 0.2839837372303009, id: 440902148240704194)', '(distance: 0.2770000100135803, id: 440902148240704162)', '(distance: 0.27258414030075073, id: 440902148240704090)']"]
2023-04-20 15:48:42,670 ｜ DEBUG ｜ mysql_helpers.py ｜ search_by_milvus_id_for_answer ｜ 64 ｜ MYSQL search by milvus id.
2023-04-20 15:48:42,671 ｜ DEBUG ｜ mysql_helpers.py ｜ search_by_milvus_ids ｜ 94 ｜ MYSQL search by milvus id.
2023-04-20 15:48:42,671 ｜ DEBUG ｜ mysql_helpers.py ｜ search_by_milvus_id_for_pic ｜ 79 ｜ MYSQL search by milvus id.
2023-04-20 15:49:04,901 ｜ DEBUG ｜ milvus_helpers.py ｜ search_vectors ｜ 103 ｜ Successfully search in collection: ["['(distance: 1.0000001192092896, id: 440902148240704099)', '(distance: 0.7150856256484985, id: 440902148240704193)', '(distance: 0.6078077554702759, id: 440902148240704145)', '(distance: 0.5791671276092529, id: 440902148240704175)', '(distance: 0.5455495119094849, id: 440902148240704082)', '(distance: 0.5323539972305298, id: 440902148240704178)', '(distance: 0.5173329710960388, id: 440902148240704177)', '(distance: 0.5171937346458435, id: 440902148240704134)', '(distance: 0.49843060970306396, id: 440902148240704199)', '(distance: 0.49416664242744446, id: 440902148240704104)']"]
2023-04-20 15:49:04,902 ｜ DEBUG ｜ mysql_helpers.py ｜ search_by_milvus_id_for_answer ｜ 64 ｜ MYSQL search by milvus id.
2023-04-20 15:49:04,903 ｜ DEBUG ｜ mysql_helpers.py ｜ search_by_milvus_ids ｜ 94 ｜ MYSQL search by milvus id.
2023-04-20 15:49:04,903 ｜ DEBUG ｜ mysql_helpers.py ｜ search_by_milvus_id_for_pic ｜ 79 ｜ MYSQL search by milvus id.
2023-04-20 15:49:28,044 ｜ DEBUG ｜ milvus_helpers.py ｜ search_vectors ｜ 103 ｜ Successfully search in collection: ["['(distance: 1.000000238418579, id: 440902148240704100)', '(distance: 0.7508233785629272, id: 440902148240704162)', '(distance: 0.6529403924942017, id: 440902148240704089)', '(distance: 0.6118614077568054, id: 440902148240704141)', '(distance: 0.5914000272750854, id: 440902148240704146)', '(distance: 0.5730926394462585, id: 440902148240704192)', '(distance: 0.5697058439254761, id: 440902148240704088)', '(distance: 0.5464439392089844, id: 440902148240704142)', '(distance: 0.5278483629226685, id: 440902148240704114)', '(distance: 0.5189732313156128, id: 440902148240704204)']"]
2023-04-20 15:49:28,045 ｜ DEBUG ｜ mysql_helpers.py ｜ search_by_milvus_id_for_answer ｜ 64 ｜ MYSQL search by milvus id.
2023-04-20 15:49:28,046 ｜ DEBUG ｜ mysql_helpers.py ｜ search_by_milvus_ids ｜ 94 ｜ MYSQL search by milvus id.
2023-04-20 15:49:28,047 ｜ DEBUG ｜ mysql_helpers.py ｜ search_by_milvus_id_for_pic ｜ 79 ｜ MYSQL search by milvus id.
2023-04-20 15:50:03,515 ｜ DEBUG ｜ milvus_helpers.py ｜ search_vectors ｜ 103 ｜ Successfully search in collection: ["['(distance: 1.000000238418579, id: 440902148240704101)', '(distance: 0.757581889629364, id: 440902148240704144)', '(distance: 0.7440937757492065, id: 440902148240704112)', '(distance: 0.7383685111999512, id: 440902148240704110)', '(distance: 0.7061195373535156, id: 440902148240704109)', '(distance: 0.6768810749053955, id: 440902148240704122)', '(distance: 0.6642008423805237, id: 440902148240704115)', '(distance: 0.6633886098861694, id: 440902148240704146)', '(distance: 0.6422381401062012, id: 440902148240704077)', '(distance: 0.6374269723892212, id: 440902148240704107)']"]
2023-04-20 15:50:03,516 ｜ DEBUG ｜ mysql_helpers.py ｜ search_by_milvus_id_for_answer ｜ 64 ｜ MYSQL search by milvus id.
2023-04-20 15:50:03,517 ｜ DEBUG ｜ mysql_helpers.py ｜ search_by_milvus_ids ｜ 94 ｜ MYSQL search by milvus id.
2023-04-20 15:50:03,518 ｜ DEBUG ｜ mysql_helpers.py ｜ search_by_milvus_id_for_pic ｜ 79 ｜ MYSQL search by milvus id.
2023-04-20 15:50:49,938 ｜ DEBUG ｜ milvus_helpers.py ｜ search_vectors ｜ 103 ｜ Successfully search in collection: ["['(distance: 1.0, id: 440902148240704102)', '(distance: 0.7896690964698792, id: 440902148240704122)', '(distance: 0.7825133800506592, id: 440902148240704109)', '(distance: 0.7478017210960388, id: 440902148240704123)', '(distance: 0.7274303436279297, id: 440902148240704120)', '(distance: 0.7077119946479797, id: 440902148240704124)', '(distance: 0.6935698986053467, id: 440902148240704105)', '(distance: 0.6907913684844971, id: 440902148240704083)', '(distance: 0.6881221532821655, id: 440902148240704075)', '(distance: 0.6840890645980835, id: 440902148240704144)']"]
2023-04-20 15:50:49,939 ｜ DEBUG ｜ mysql_helpers.py ｜ search_by_milvus_id_for_answer ｜ 64 ｜ MYSQL search by milvus id.
2023-04-20 15:50:49,940 ｜ DEBUG ｜ mysql_helpers.py ｜ search_by_milvus_ids ｜ 94 ｜ MYSQL search by milvus id.
2023-04-20 15:50:49,941 ｜ DEBUG ｜ mysql_helpers.py ｜ search_by_milvus_id_for_pic ｜ 79 ｜ MYSQL search by milvus id.
2023-04-20 15:51:11,214 ｜ DEBUG ｜ milvus_helpers.py ｜ search_vectors ｜ 103 ｜ Successfully search in collection: ["['(distance: 1.0, id: 440902148240704103)', '(distance: 0.6910454630851746, id: 440902148240704075)', '(distance: 0.6304272413253784, id: 440902148240704204)', '(distance: 0.622786283493042, id: 440902148240704136)', '(distance: 0.6196170449256897, id: 440902148240704207)', '(distance: 0.6193567514419556, id: 440902148240704108)', '(distance: 0.5995383262634277, id: 440902148240704203)', '(distance: 0.597334623336792, id: 440902148240704109)', '(distance: 0.5965712666511536, id: 440902148240704126)', '(distance: 0.592761754989624, id: 440902148240704201)']"]
2023-04-20 15:51:11,215 ｜ DEBUG ｜ mysql_helpers.py ｜ search_by_milvus_id_for_answer ｜ 64 ｜ MYSQL search by milvus id.
2023-04-20 15:51:11,216 ｜ DEBUG ｜ mysql_helpers.py ｜ search_by_milvus_ids ｜ 94 ｜ MYSQL search by milvus id.
2023-04-20 15:51:11,217 ｜ DEBUG ｜ mysql_helpers.py ｜ search_by_milvus_id_for_pic ｜ 79 ｜ MYSQL search by milvus id.
2023-04-20 15:51:32,529 ｜ DEBUG ｜ milvus_helpers.py ｜ search_vectors ｜ 103 ｜ Successfully search in collection: ["['(distance: 1.0, id: 440902148240704104)', '(distance: 0.5613529086112976, id: 440902148240704127)', '(distance: 0.5415143966674805, id: 440902148240704193)', '(distance: 0.5278431177139282, id: 440902148240704175)', '(distance: 0.5183261036872864, id: 440902148240704105)', '(distance: 0.5168321132659912, id: 440902148240704082)', '(distance: 0.5097672343254089, id: 440902148240704146)', '(distance: 0.4941667318344116, id: 440902148240704099)', '(distance: 0.4889147877693176, id: 440902148240704124)', '(distance: 0.48815983533859253, id: 440902148240704169)']"]
2023-04-20 15:51:32,530 ｜ DEBUG ｜ mysql_helpers.py ｜ search_by_milvus_id_for_answer ｜ 64 ｜ MYSQL search by milvus id.
2023-04-20 15:51:32,531 ｜ DEBUG ｜ mysql_helpers.py ｜ search_by_milvus_ids ｜ 94 ｜ MYSQL search by milvus id.
2023-04-20 15:51:32,532 ｜ DEBUG ｜ mysql_helpers.py ｜ search_by_milvus_id_for_pic ｜ 79 ｜ MYSQL search by milvus id.
2023-04-20 15:51:43,783 ｜ DEBUG ｜ milvus_helpers.py ｜ search_vectors ｜ 103 ｜ Successfully search in collection: ["['(distance: 1.0000001192092896, id: 440902148240704105)', '(distance: 0.6935698986053467, id: 440902148240704102)', '(distance: 0.6871050000190735, id: 440902148240704075)', '(distance: 0.6843254566192627, id: 440902148240704109)', '(distance: 0.6708999872207642, id: 440902148240704120)', '(distance: 0.6685715913772583, id: 440902148240704083)', '(distance: 0.6517059206962585, id: 440902148240704123)', '(distance: 0.6457383632659912, id: 440902148240704124)', '(distance: 0.6431209444999695, id: 440902148240704135)', '(distance: 0.6391066312789917, id: 440902148240704122)']"]
2023-04-20 15:51:43,784 ｜ DEBUG ｜ mysql_helpers.py ｜ search_by_milvus_id_for_answer ｜ 64 ｜ MYSQL search by milvus id.
2023-04-20 15:51:43,785 ｜ DEBUG ｜ mysql_helpers.py ｜ search_by_milvus_ids ｜ 94 ｜ MYSQL search by milvus id.
2023-04-20 15:51:43,786 ｜ DEBUG ｜ mysql_helpers.py ｜ search_by_milvus_id_for_pic ｜ 79 ｜ MYSQL search by milvus id.
2023-04-20 15:52:23,972 ｜ DEBUG ｜ milvus_helpers.py ｜ search_vectors ｜ 103 ｜ Successfully search in collection: ["['(distance: 1.0000001192092896, id: 440902148240704106)', '(distance: 0.6321600675582886, id: 440902148240704202)', '(distance: 0.53273606300354, id: 440902148240704180)', '(distance: 0.5279133915901184, id: 440902148240704121)', '(distance: 0.5070729851722717, id: 440902148240704174)', '(distance: 0.5034877061843872, id: 440902148240704146)', '(distance: 0.49707770347595215, id: 440902148240704162)', '(distance: 0.48768705129623413, id: 440902148240704203)', '(distance: 0.47889214754104614, id: 440902148240704088)', '(distance: 0.4775359630584717, id: 440902148240704192)']"]
2023-04-20 15:52:23,974 ｜ DEBUG ｜ mysql_helpers.py ｜ search_by_milvus_id_for_answer ｜ 64 ｜ MYSQL search by milvus id.
2023-04-20 15:52:23,975 ｜ DEBUG ｜ mysql_helpers.py ｜ search_by_milvus_ids ｜ 94 ｜ MYSQL search by milvus id.
2023-04-20 15:52:23,975 ｜ DEBUG ｜ mysql_helpers.py ｜ search_by_milvus_id_for_pic ｜ 79 ｜ MYSQL search by milvus id.
2023-04-20 15:52:52,813 ｜ DEBUG ｜ milvus_helpers.py ｜ search_vectors ｜ 103 ｜ Successfully search in collection: ["['(distance: 0.9999998807907104, id: 440902148240704107)', '(distance: 0.8694087266921997, id: 440902148240704134)', '(distance: 0.761605978012085, id: 440902148240704112)', '(distance: 0.7420364022254944, id: 440902148240704111)', '(distance: 0.6765044331550598, id: 440902148240704122)', '(distance: 0.6762685775756836, id: 440902148240704109)', '(distance: 0.6698995232582092, id: 440902148240704124)', '(distance: 0.648685097694397, id: 440902148240704123)', '(distance: 0.639536440372467, id: 440902148240704102)', '(distance: 0.6374269723892212, id: 440902148240704101)']"]
2023-04-20 15:52:52,814 ｜ DEBUG ｜ mysql_helpers.py ｜ search_by_milvus_id_for_answer ｜ 64 ｜ MYSQL search by milvus id.
2023-04-20 15:52:52,815 ｜ DEBUG ｜ mysql_helpers.py ｜ search_by_milvus_ids ｜ 94 ｜ MYSQL search by milvus id.
2023-04-20 15:52:52,817 ｜ DEBUG ｜ mysql_helpers.py ｜ search_by_milvus_id_for_pic ｜ 79 ｜ MYSQL search by milvus id.
2023-04-20 15:53:22,162 ｜ DEBUG ｜ milvus_helpers.py ｜ search_vectors ｜ 103 ｜ Successfully search in collection: ["['(distance: 0.9999999403953552, id: 440902148240704108)', '(distance: 0.7923017740249634, id: 440902148240704205)', '(distance: 0.7636166214942932, id: 440902148240704133)', '(distance: 0.7446111440658569, id: 440902148240704210)', '(distance: 0.6991769075393677, id: 440902148240704138)', '(distance: 0.6959389448165894, id: 440902148240704141)', '(distance: 0.6538137197494507, id: 440902148240704155)', '(distance: 0.636266827583313, id: 440902148240704151)', '(distance: 0.6322948932647705, id: 440902148240704203)', '(distance: 0.6309896111488342, id: 440902148240704201)']"]
2023-04-20 15:53:22,163 ｜ DEBUG ｜ mysql_helpers.py ｜ search_by_milvus_id_for_answer ｜ 64 ｜ MYSQL search by milvus id.
2023-04-20 15:53:22,164 ｜ DEBUG ｜ mysql_helpers.py ｜ search_by_milvus_ids ｜ 94 ｜ MYSQL search by milvus id.
2023-04-20 15:53:22,165 ｜ DEBUG ｜ mysql_helpers.py ｜ search_by_milvus_id_for_pic ｜ 79 ｜ MYSQL search by milvus id.
2023-04-20 15:53:53,184 ｜ DEBUG ｜ milvus_helpers.py ｜ search_vectors ｜ 103 ｜ Successfully search in collection: ["['(distance: 0.9999998807907104, id: 440902148240704109)', '(distance: 0.8506864309310913, id: 440902148240704122)', '(distance: 0.8064669370651245, id: 440902148240704123)', '(distance: 0.7952519655227661, id: 440902148240704075)', '(distance: 0.7944573163986206, id: 440902148240704120)', '(distance: 0.7825133800506592, id: 440902148240704102)', '(distance: 0.7490434646606445, id: 440902148240704172)', '(distance: 0.7326122522354126, id: 440902148240704083)', '(distance: 0.7111818194389343, id: 440902148240704113)', '(distance: 0.7079620361328125, id: 440902148240704135)']"]
2023-04-20 15:53:53,186 ｜ DEBUG ｜ mysql_helpers.py ｜ search_by_milvus_id_for_answer ｜ 64 ｜ MYSQL search by milvus id.
2023-04-20 15:53:53,186 ｜ DEBUG ｜ mysql_helpers.py ｜ search_by_milvus_ids ｜ 94 ｜ MYSQL search by milvus id.
2023-04-20 15:53:53,187 ｜ DEBUG ｜ mysql_helpers.py ｜ search_by_milvus_id_for_pic ｜ 79 ｜ MYSQL search by milvus id.
2023-04-20 15:54:37,379 ｜ DEBUG ｜ milvus_helpers.py ｜ search_vectors ｜ 103 ｜ Successfully search in collection: ["['(distance: 0.9999996423721313, id: 440902148240704110)', '(distance: 0.7634997367858887, id: 440902148240704145)', '(distance: 0.7504964470863342, id: 440902148240704175)', '(distance: 0.7383683919906616, id: 440902148240704101)', '(distance: 0.6723735332489014, id: 440902148240704081)', '(distance: 0.6644306182861328, id: 440902148240704144)', '(distance: 0.6628608703613281, id: 440902148240704146)', '(distance: 0.6523162126541138, id: 440902148240704197)', '(distance: 0.6496067047119141, id: 440902148240704112)', '(distance: 0.6414291858673096, id: 440902148240704172)']"]
2023-04-20 15:54:37,380 ｜ DEBUG ｜ mysql_helpers.py ｜ search_by_milvus_id_for_answer ｜ 64 ｜ MYSQL search by milvus id.
2023-04-20 15:54:37,381 ｜ DEBUG ｜ mysql_helpers.py ｜ search_by_milvus_ids ｜ 94 ｜ MYSQL search by milvus id.
2023-04-20 15:54:37,382 ｜ DEBUG ｜ mysql_helpers.py ｜ search_by_milvus_id_for_pic ｜ 79 ｜ MYSQL search by milvus id.
2023-04-20 15:54:57,369 ｜ DEBUG ｜ milvus_helpers.py ｜ search_vectors ｜ 103 ｜ Successfully search in collection: ["['(distance: 1.0, id: 440902148240704111)', '(distance: 0.7547367811203003, id: 440902148240704134)', '(distance: 0.7420364022254944, id: 440902148240704107)', '(distance: 0.6741570234298706, id: 440902148240704112)', '(distance: 0.6413488388061523, id: 440902148240704075)', '(distance: 0.6227028369903564, id: 440902148240704101)', '(distance: 0.6202614903450012, id: 440902148240704135)', '(distance: 0.6116942167282104, id: 440902148240704110)', '(distance: 0.5995069146156311, id: 440902148240704127)', '(distance: 0.5992180109024048, id: 440902148240704124)']"]
2023-04-20 15:54:57,370 ｜ DEBUG ｜ mysql_helpers.py ｜ search_by_milvus_id_for_answer ｜ 64 ｜ MYSQL search by milvus id.
2023-04-20 15:54:57,371 ｜ DEBUG ｜ mysql_helpers.py ｜ search_by_milvus_ids ｜ 94 ｜ MYSQL search by milvus id.
2023-04-20 15:54:57,371 ｜ DEBUG ｜ mysql_helpers.py ｜ search_by_milvus_id_for_pic ｜ 79 ｜ MYSQL search by milvus id.
2023-04-20 15:55:24,560 ｜ DEBUG ｜ milvus_helpers.py ｜ search_vectors ｜ 103 ｜ Successfully search in collection: ["['(distance: 1.0000001192092896, id: 440902148240704112)', '(distance: 0.7628064155578613, id: 440902148240704134)', '(distance: 0.761605978012085, id: 440902148240704107)', '(distance: 0.7440937757492065, id: 440902148240704101)', '(distance: 0.6904615759849548, id: 440902148240704109)', '(distance: 0.6741569638252258, id: 440902148240704111)', '(distance: 0.6496067047119141, id: 440902148240704110)', '(distance: 0.6428424119949341, id: 440902148240704113)', '(distance: 0.6342868804931641, id: 440902148240704145)', '(distance: 0.6205606460571289, id: 440902148240704122)']"]
2023-04-20 15:55:24,561 ｜ DEBUG ｜ mysql_helpers.py ｜ search_by_milvus_id_for_answer ｜ 64 ｜ MYSQL search by milvus id.
2023-04-20 15:55:24,562 ｜ DEBUG ｜ mysql_helpers.py ｜ search_by_milvus_ids ｜ 94 ｜ MYSQL search by milvus id.
2023-04-20 15:55:24,563 ｜ DEBUG ｜ mysql_helpers.py ｜ search_by_milvus_id_for_pic ｜ 79 ｜ MYSQL search by milvus id.
2023-04-20 15:55:39,985 ｜ DEBUG ｜ milvus_helpers.py ｜ search_vectors ｜ 103 ｜ Successfully search in collection: ["['(distance: 0.9999999403953552, id: 440902148240704113)', '(distance: 0.7767813205718994, id: 440902148240704075)', '(distance: 0.7111818194389343, id: 440902148240704109)', '(distance: 0.683734655380249, id: 440902148240704098)', '(distance: 0.6628714799880981, id: 440902148240704122)', '(distance: 0.6428424119949341, id: 440902148240704112)', '(distance: 0.6319054365158081, id: 440902148240704133)', '(distance: 0.6255642175674438, id: 440902148240704101)', '(distance: 0.6059420704841614, id: 440902148240704135)', '(distance: 0.5950166583061218, id: 440902148240704134)']"]
2023-04-20 15:55:39,986 ｜ DEBUG ｜ mysql_helpers.py ｜ search_by_milvus_id_for_answer ｜ 64 ｜ MYSQL search by milvus id.
2023-04-20 15:55:39,987 ｜ DEBUG ｜ mysql_helpers.py ｜ search_by_milvus_ids ｜ 94 ｜ MYSQL search by milvus id.
2023-04-20 15:55:39,988 ｜ DEBUG ｜ mysql_helpers.py ｜ search_by_milvus_id_for_pic ｜ 79 ｜ MYSQL search by milvus id.
2023-04-20 15:56:13,900 ｜ DEBUG ｜ milvus_helpers.py ｜ search_vectors ｜ 103 ｜ Successfully search in collection: ["['(distance: 1.0, id: 440902148240704114)', '(distance: 0.6457847356796265, id: 440902148240704115)', '(distance: 0.612432062625885, id: 440902148240704077)', '(distance: 0.6101013422012329, id: 440902148240704101)', '(distance: 0.5815110206604004, id: 440902148240704144)', '(distance: 0.5710197687149048, id: 440902148240704109)', '(distance: 0.5585895776748657, id: 440902148240704131)', '(distance: 0.5476107597351074, id: 440902148240704123)', '(distance: 0.5369771122932434, id: 440902148240704118)', '(distance: 0.5345594882965088, id: 440902148240704122)']"]
2023-04-20 15:56:13,902 ｜ DEBUG ｜ mysql_helpers.py ｜ search_by_milvus_id_for_answer ｜ 64 ｜ MYSQL search by milvus id.
2023-04-20 15:56:13,903 ｜ DEBUG ｜ mysql_helpers.py ｜ search_by_milvus_ids ｜ 94 ｜ MYSQL search by milvus id.
2023-04-20 15:56:13,904 ｜ DEBUG ｜ mysql_helpers.py ｜ search_by_milvus_id_for_pic ｜ 79 ｜ MYSQL search by milvus id.
2023-04-20 15:56:40,861 ｜ DEBUG ｜ milvus_helpers.py ｜ search_vectors ｜ 103 ｜ Successfully search in collection: ["['(distance: 1.000000238418579, id: 440902148240704115)', '(distance: 0.7215287685394287, id: 440902148240704077)', '(distance: 0.7010331749916077, id: 440902148240704144)', '(distance: 0.6903857588768005, id: 440902148240704109)', '(distance: 0.6761761903762817, id: 440902148240704122)', '(distance: 0.6642007827758789, id: 440902148240704101)', '(distance: 0.6457845568656921, id: 440902148240704114)', '(distance: 0.6429475545883179, id: 440902148240704102)', '(distance: 0.6204090118408203, id: 440902148240704083)', '(distance: 0.6056963801383972, id: 440902148240704131)']"]
2023-04-20 15:56:40,863 ｜ DEBUG ｜ mysql_helpers.py ｜ search_by_milvus_id_for_answer ｜ 64 ｜ MYSQL search by milvus id.
2023-04-20 15:56:40,864 ｜ DEBUG ｜ mysql_helpers.py ｜ search_by_milvus_ids ｜ 94 ｜ MYSQL search by milvus id.
2023-04-20 15:56:40,864 ｜ DEBUG ｜ mysql_helpers.py ｜ search_by_milvus_id_for_pic ｜ 79 ｜ MYSQL search by milvus id.
2023-04-20 15:57:31,837 ｜ DEBUG ｜ milvus_helpers.py ｜ search_vectors ｜ 103 ｜ Successfully search in collection: ["['(distance: 1.0000001192092896, id: 440902148240704116)', '(distance: 0.8079338073730469, id: 440902148240704117)', '(distance: 0.6566647291183472, id: 440902148240704140)', '(distance: 0.6111106872558594, id: 440902148240704134)', '(distance: 0.5772646069526672, id: 440902148240704082)', '(distance: 0.5765194892883301, id: 440902148240704172)', '(distance: 0.5633025765419006, id: 440902148240704127)', '(distance: 0.5425695776939392, id: 440902148240704105)', '(distance: 0.5346186757087708, id: 440902148240704123)', '(distance: 0.5308870077133179, id: 440902148240704111)']"]
2023-04-20 15:57:31,838 ｜ DEBUG ｜ mysql_helpers.py ｜ search_by_milvus_id_for_answer ｜ 64 ｜ MYSQL search by milvus id.
2023-04-20 15:57:31,839 ｜ DEBUG ｜ mysql_helpers.py ｜ search_by_milvus_ids ｜ 94 ｜ MYSQL search by milvus id.
2023-04-20 15:57:31,839 ｜ DEBUG ｜ mysql_helpers.py ｜ search_by_milvus_id_for_pic ｜ 79 ｜ MYSQL search by milvus id.
2023-04-20 15:59:05,450 ｜ DEBUG ｜ milvus_helpers.py ｜ search_vectors ｜ 103 ｜ Successfully search in collection: ["['(distance: 1.0000001192092896, id: 440902148240704117)', '(distance: 0.8079339265823364, id: 440902148240704116)', '(distance: 0.7657418251037598, id: 440902148240704082)', '(distance: 0.6989726424217224, id: 440902148240704172)', '(distance: 0.6639630198478699, id: 440902148240704134)', '(distance: 0.6536204218864441, id: 440902148240704174)', '(distance: 0.6498923897743225, id: 440902148240704132)', '(distance: 0.6386451125144958, id: 440902148240704140)', '(distance: 0.6329933404922485, id: 440902148240704175)', '(distance: 0.6315650343894958, id: 440902148240704145)']"]
2023-04-20 15:59:05,452 ｜ DEBUG ｜ mysql_helpers.py ｜ search_by_milvus_id_for_answer ｜ 64 ｜ MYSQL search by milvus id.
2023-04-20 15:59:05,453 ｜ DEBUG ｜ mysql_helpers.py ｜ search_by_milvus_ids ｜ 94 ｜ MYSQL search by milvus id.
2023-04-20 15:59:05,453 ｜ DEBUG ｜ mysql_helpers.py ｜ search_by_milvus_id_for_pic ｜ 79 ｜ MYSQL search by milvus id.
2023-04-20 15:59:24,031 ｜ DEBUG ｜ milvus_helpers.py ｜ search_vectors ｜ 103 ｜ Successfully search in collection: ["['(distance: 0.9999998211860657, id: 440902148240704118)', '(distance: 0.7891652584075928, id: 440902148240704201)', '(distance: 0.769365131855011, id: 440902148240704125)', '(distance: 0.7184598445892334, id: 440902148240704126)', '(distance: 0.6195173263549805, id: 440902148240704210)', '(distance: 0.5895611047744751, id: 440902148240704103)', '(distance: 0.5871468186378479, id: 440902148240704102)', '(distance: 0.5701107978820801, id: 440902148240704123)', '(distance: 0.5523806810379028, id: 440902148240704207)', '(distance: 0.5369770526885986, id: 440902148240704114)']"]
2023-04-20 15:59:24,032 ｜ DEBUG ｜ mysql_helpers.py ｜ search_by_milvus_id_for_answer ｜ 64 ｜ MYSQL search by milvus id.
2023-04-20 15:59:24,033 ｜ DEBUG ｜ mysql_helpers.py ｜ search_by_milvus_ids ｜ 94 ｜ MYSQL search by milvus id.
2023-04-20 15:59:24,034 ｜ DEBUG ｜ mysql_helpers.py ｜ search_by_milvus_id_for_pic ｜ 79 ｜ MYSQL search by milvus id.
2023-04-20 16:01:06,153 ｜ DEBUG ｜ milvus_helpers.py ｜ search_vectors ｜ 103 ｜ Successfully search in collection: ["['(distance: 1.0000001192092896, id: 440902148240704119)', '(distance: 0.82203209400177, id: 440902148240704123)', '(distance: 0.6907603740692139, id: 440902148240704125)', '(distance: 0.658904492855072, id: 440902148240704109)', '(distance: 0.6578534841537476, id: 440902148240704131)', '(distance: 0.6558154821395874, id: 440902148240704083)', '(distance: 0.6310808658599854, id: 440902148240704126)', '(distance: 0.6287965774536133, id: 440902148240704135)', '(distance: 0.6261765956878662, id: 440902148240704172)', '(distance: 0.6242340803146362, id: 440902148240704209)']"]
2023-04-20 16:01:06,155 ｜ DEBUG ｜ mysql_helpers.py ｜ search_by_milvus_id_for_answer ｜ 64 ｜ MYSQL search by milvus id.
2023-04-20 16:01:06,156 ｜ DEBUG ｜ mysql_helpers.py ｜ search_by_milvus_ids ｜ 94 ｜ MYSQL search by milvus id.
2023-04-20 16:01:06,157 ｜ DEBUG ｜ mysql_helpers.py ｜ search_by_milvus_id_for_pic ｜ 79 ｜ MYSQL search by milvus id.
2023-04-20 16:01:24,343 ｜ DEBUG ｜ milvus_helpers.py ｜ search_vectors ｜ 103 ｜ Successfully search in collection: ["['(distance: 0.9999998211860657, id: 440902148240704120)', '(distance: 0.7944573163986206, id: 440902148240704109)', '(distance: 0.7453311681747437, id: 440902148240704124)', '(distance: 0.7274302840232849, id: 440902148240704102)', '(distance: 0.7061223983764648, id: 440902148240704122)', '(distance: 0.6997520923614502, id: 440902148240704123)', '(distance: 0.6708998680114746, id: 440902148240704105)', '(distance: 0.6539335250854492, id: 440902148240704075)', '(distance: 0.6505889296531677, id: 440902148240704127)', '(distance: 0.6222101449966431, id: 440902148240704134)']"]
2023-04-20 16:01:24,345 ｜ DEBUG ｜ mysql_helpers.py ｜ search_by_milvus_id_for_answer ｜ 64 ｜ MYSQL search by milvus id.
2023-04-20 16:01:24,345 ｜ DEBUG ｜ mysql_helpers.py ｜ search_by_milvus_ids ｜ 94 ｜ MYSQL search by milvus id.
2023-04-20 16:01:24,346 ｜ DEBUG ｜ mysql_helpers.py ｜ search_by_milvus_id_for_pic ｜ 79 ｜ MYSQL search by milvus id.
2023-04-20 16:01:41,456 ｜ DEBUG ｜ milvus_helpers.py ｜ search_vectors ｜ 103 ｜ Successfully search in collection: ["['(distance: 0.9999997615814209, id: 440902148240704121)', '(distance: 0.5565100908279419, id: 440902148240704202)', '(distance: 0.5542283654212952, id: 440902148240704162)', '(distance: 0.5279133319854736, id: 440902148240704106)', '(distance: 0.5192455649375916, id: 440902148240704103)', '(distance: 0.4794273376464844, id: 440902148240704180)', '(distance: 0.4794113039970398, id: 440902148240704174)', '(distance: 0.46619266271591187, id: 440902148240704127)', '(distance: 0.4660987854003906, id: 440902148240704124)', '(distance: 0.4658368229866028, id: 440902148240704146)']"]
2023-04-20 16:01:41,457 ｜ DEBUG ｜ mysql_helpers.py ｜ search_by_milvus_id_for_answer ｜ 64 ｜ MYSQL search by milvus id.
2023-04-20 16:01:41,458 ｜ DEBUG ｜ mysql_helpers.py ｜ search_by_milvus_ids ｜ 94 ｜ MYSQL search by milvus id.
2023-04-20 16:01:41,458 ｜ DEBUG ｜ mysql_helpers.py ｜ search_by_milvus_id_for_pic ｜ 79 ｜ MYSQL search by milvus id.
2023-04-20 16:01:52,596 ｜ DEBUG ｜ milvus_helpers.py ｜ search_vectors ｜ 103 ｜ Successfully search in collection: ["['(distance: 0.9999998807907104, id: 440902148240704122)', '(distance: 0.8506864309310913, id: 440902148240704109)', '(distance: 0.8075592517852783, id: 440902148240704123)', '(distance: 0.7896690368652344, id: 440902148240704102)', '(distance: 0.7446229457855225, id: 440902148240704098)', '(distance: 0.7297292947769165, id: 440902148240704144)', '(distance: 0.7232136726379395, id: 440902148240704137)', '(distance: 0.7119708061218262, id: 440902148240704075)', '(distance: 0.7061223983764648, id: 440902148240704120)', '(distance: 0.6876378059387207, id: 440902148240704134)']"]
2023-04-20 16:01:52,597 ｜ DEBUG ｜ mysql_helpers.py ｜ search_by_milvus_id_for_answer ｜ 64 ｜ MYSQL search by milvus id.
2023-04-20 16:01:52,598 ｜ DEBUG ｜ mysql_helpers.py ｜ search_by_milvus_ids ｜ 94 ｜ MYSQL search by milvus id.
2023-04-20 16:01:52,599 ｜ DEBUG ｜ mysql_helpers.py ｜ search_by_milvus_id_for_pic ｜ 79 ｜ MYSQL search by milvus id.
2023-04-20 16:02:10,322 ｜ DEBUG ｜ milvus_helpers.py ｜ search_vectors ｜ 103 ｜ Successfully search in collection: ["['(distance: 0.9999998807907104, id: 440902148240704123)', '(distance: 0.82203209400177, id: 440902148240704119)', '(distance: 0.8075591325759888, id: 440902148240704122)', '(distance: 0.806466817855835, id: 440902148240704109)', '(distance: 0.7478016018867493, id: 440902148240704102)', '(distance: 0.726579487323761, id: 440902148240704125)', '(distance: 0.7239428162574768, id: 440902148240704135)', '(distance: 0.7114752531051636, id: 440902148240704075)', '(distance: 0.6997519731521606, id: 440902148240704120)', '(distance: 0.6820274591445923, id: 440902148240704083)']"]
2023-04-20 16:02:10,324 ｜ DEBUG ｜ mysql_helpers.py ｜ search_by_milvus_id_for_answer ｜ 64 ｜ MYSQL search by milvus id.
2023-04-20 16:02:10,325 ｜ DEBUG ｜ mysql_helpers.py ｜ search_by_milvus_ids ｜ 94 ｜ MYSQL search by milvus id.
2023-04-20 16:02:10,325 ｜ DEBUG ｜ mysql_helpers.py ｜ search_by_milvus_id_for_pic ｜ 79 ｜ MYSQL search by milvus id.
2023-04-20 16:03:20,461 ｜ DEBUG ｜ milvus_helpers.py ｜ search_vectors ｜ 103 ｜ Successfully search in collection: ["['(distance: 0.9999998211860657, id: 440902148240704124)', '(distance: 0.7489979863166809, id: 440902148240704127)', '(distance: 0.7453311681747437, id: 440902148240704120)', '(distance: 0.7077119946479797, id: 440902148240704102)', '(distance: 0.6797590255737305, id: 440902148240704109)', '(distance: 0.669899582862854, id: 440902148240704107)', '(distance: 0.6556152105331421, id: 440902148240704122)', '(distance: 0.6457383632659912, id: 440902148240704105)', '(distance: 0.6308275461196899, id: 440902148240704134)', '(distance: 0.6244422197341919, id: 440902148240704123)']"]
2023-04-20 16:03:20,462 ｜ DEBUG ｜ mysql_helpers.py ｜ search_by_milvus_id_for_answer ｜ 64 ｜ MYSQL search by milvus id.
2023-04-20 16:03:20,463 ｜ DEBUG ｜ mysql_helpers.py ｜ search_by_milvus_ids ｜ 94 ｜ MYSQL search by milvus id.
2023-04-20 16:03:20,464 ｜ DEBUG ｜ mysql_helpers.py ｜ search_by_milvus_id_for_pic ｜ 79 ｜ MYSQL search by milvus id.
2023-04-20 16:03:41,516 ｜ DEBUG ｜ milvus_helpers.py ｜ search_vectors ｜ 103 ｜ Successfully search in collection: ["['(distance: 0.9999998807907104, id: 440902148240704125)', '(distance: 0.8885366916656494, id: 440902148240704126)', '(distance: 0.769365131855011, id: 440902148240704118)', '(distance: 0.7265795469284058, id: 440902148240704123)', '(distance: 0.6907604932785034, id: 440902148240704119)', '(distance: 0.584809422492981, id: 440902148240704083)', '(distance: 0.5828640460968018, id: 440902148240704131)', '(distance: 0.5812475681304932, id: 440902148240704102)', '(distance: 0.5642175674438477, id: 440902148240704103)', '(distance: 0.5549249053001404, id: 440902148240704108)']"]
2023-04-20 16:03:41,517 ｜ DEBUG ｜ mysql_helpers.py ｜ search_by_milvus_id_for_answer ｜ 64 ｜ MYSQL search by milvus id.
2023-04-20 16:03:41,518 ｜ DEBUG ｜ mysql_helpers.py ｜ search_by_milvus_ids ｜ 94 ｜ MYSQL search by milvus id.
2023-04-20 16:03:41,519 ｜ DEBUG ｜ mysql_helpers.py ｜ search_by_milvus_id_for_pic ｜ 79 ｜ MYSQL search by milvus id.
2023-04-20 16:03:56,149 ｜ DEBUG ｜ milvus_helpers.py ｜ search_vectors ｜ 103 ｜ Successfully search in collection: ["['(distance: 1.0, id: 440902148240704126)', '(distance: 0.8885366916656494, id: 440902148240704125)', '(distance: 0.7184598445892334, id: 440902148240704118)', '(distance: 0.6363924741744995, id: 440902148240704123)', '(distance: 0.6310809850692749, id: 440902148240704119)', '(distance: 0.5965712070465088, id: 440902148240704103)', '(distance: 0.5849474668502808, id: 440902148240704108)', '(distance: 0.5569795370101929, id: 440902148240704131)', '(distance: 0.5468225479125977, id: 440902148240704075)', '(distance: 0.5455948114395142, id: 440902148240704174)']"]
2023-04-20 16:03:56,150 ｜ DEBUG ｜ mysql_helpers.py ｜ search_by_milvus_id_for_answer ｜ 64 ｜ MYSQL search by milvus id.
2023-04-20 16:03:56,151 ｜ DEBUG ｜ mysql_helpers.py ｜ search_by_milvus_ids ｜ 94 ｜ MYSQL search by milvus id.
2023-04-20 16:03:56,152 ｜ DEBUG ｜ mysql_helpers.py ｜ search_by_milvus_id_for_pic ｜ 79 ｜ MYSQL search by milvus id.
2023-04-20 16:04:48,800 ｜ DEBUG ｜ milvus_helpers.py ｜ search_vectors ｜ 103 ｜ Successfully search in collection: ["['(distance: 0.9999998807907104, id: 440902148240704127)', '(distance: 0.7489980459213257, id: 440902148240704124)', '(distance: 0.6505889892578125, id: 440902148240704120)', '(distance: 0.6463118195533752, id: 440902148240704134)', '(distance: 0.5995068550109863, id: 440902148240704111)', '(distance: 0.5951194763183594, id: 440902148240704107)', '(distance: 0.5633025169372559, id: 440902148240704116)', '(distance: 0.5613528490066528, id: 440902148240704104)', '(distance: 0.5571956634521484, id: 440902148240704128)', '(distance: 0.5508939027786255, id: 440902148240704117)']"]
2023-04-20 16:04:48,801 ｜ DEBUG ｜ mysql_helpers.py ｜ search_by_milvus_id_for_answer ｜ 64 ｜ MYSQL search by milvus id.
2023-04-20 16:04:48,802 ｜ DEBUG ｜ mysql_helpers.py ｜ search_by_milvus_ids ｜ 94 ｜ MYSQL search by milvus id.
2023-04-20 16:04:48,803 ｜ DEBUG ｜ mysql_helpers.py ｜ search_by_milvus_id_for_pic ｜ 79 ｜ MYSQL search by milvus id.
2023-04-20 16:05:04,712 ｜ DEBUG ｜ milvus_helpers.py ｜ search_vectors ｜ 103 ｜ Successfully search in collection: ["['(distance: 0.9999998807907104, id: 440902148240704128)', '(distance: 0.6550302505493164, id: 440902148240704131)', '(distance: 0.6131904125213623, id: 440902148240704124)', '(distance: 0.586245596408844, id: 440902148240704115)', '(distance: 0.5651645660400391, id: 440902148240704077)', '(distance: 0.5637478828430176, id: 440902148240704120)', '(distance: 0.5571956038475037, id: 440902148240704127)', '(distance: 0.5454035997390747, id: 440902148240704123)', '(distance: 0.5401606559753418, id: 440902148240704119)', '(distance: 0.5359957218170166, id: 440902148240704102)']"]
2023-04-20 16:05:04,713 ｜ DEBUG ｜ mysql_helpers.py ｜ search_by_milvus_id_for_answer ｜ 64 ｜ MYSQL search by milvus id.
2023-04-20 16:05:04,714 ｜ DEBUG ｜ mysql_helpers.py ｜ search_by_milvus_ids ｜ 94 ｜ MYSQL search by milvus id.
2023-04-20 16:05:04,714 ｜ DEBUG ｜ mysql_helpers.py ｜ search_by_milvus_id_for_pic ｜ 79 ｜ MYSQL search by milvus id.
2023-04-20 16:05:36,395 ｜ DEBUG ｜ milvus_helpers.py ｜ search_vectors ｜ 103 ｜ Successfully search in collection: ["['(distance: 1.0, id: 440902148240704129)', '(distance: 0.7819643020629883, id: 440902148240704172)', '(distance: 0.769490659236908, id: 440902148240704083)', '(distance: 0.7322195172309875, id: 440902148240704130)', '(distance: 0.6920779347419739, id: 440902148240704082)', '(distance: 0.6676046848297119, id: 440902148240704137)', '(distance: 0.6561199426651001, id: 440902148240704109)', '(distance: 0.6507604122161865, id: 440902148240704174)', '(distance: 0.6474323868751526, id: 440902148240704144)', '(distance: 0.6397974491119385, id: 440902148240704081)']"]
2023-04-20 16:05:36,396 ｜ DEBUG ｜ mysql_helpers.py ｜ search_by_milvus_id_for_answer ｜ 64 ｜ MYSQL search by milvus id.
2023-04-20 16:05:36,397 ｜ DEBUG ｜ mysql_helpers.py ｜ search_by_milvus_ids ｜ 94 ｜ MYSQL search by milvus id.
2023-04-20 16:05:36,398 ｜ DEBUG ｜ mysql_helpers.py ｜ search_by_milvus_id_for_pic ｜ 79 ｜ MYSQL search by milvus id.
2023-04-20 16:05:50,637 ｜ DEBUG ｜ milvus_helpers.py ｜ search_vectors ｜ 103 ｜ Successfully search in collection: ["['(distance: 1.0, id: 440902148240704130)', '(distance: 0.7793923616409302, id: 440902148240704172)', '(distance: 0.763176441192627, id: 440902148240704081)', '(distance: 0.7326189279556274, id: 440902148240704167)', '(distance: 0.7322195172309875, id: 440902148240704129)', '(distance: 0.7200784683227539, id: 440902148240704132)', '(distance: 0.7195558547973633, id: 440902148240704083)', '(distance: 0.7156574726104736, id: 440902148240704082)', '(distance: 0.7013787627220154, id: 440902148240704137)', '(distance: 0.694383978843689, id: 440902148240704109)']"]
2023-04-20 16:05:50,638 ｜ DEBUG ｜ mysql_helpers.py ｜ search_by_milvus_id_for_answer ｜ 64 ｜ MYSQL search by milvus id.
2023-04-20 16:05:50,639 ｜ DEBUG ｜ mysql_helpers.py ｜ search_by_milvus_ids ｜ 94 ｜ MYSQL search by milvus id.
2023-04-20 16:05:50,639 ｜ DEBUG ｜ mysql_helpers.py ｜ search_by_milvus_id_for_pic ｜ 79 ｜ MYSQL search by milvus id.
2023-04-20 16:06:21,029 ｜ DEBUG ｜ milvus_helpers.py ｜ search_vectors ｜ 103 ｜ Successfully search in collection: ["['(distance: 1.0, id: 440902148240704131)', '(distance: 0.7252777814865112, id: 440902148240704177)', '(distance: 0.7245216965675354, id: 440902148240704083)', '(distance: 0.7074692845344543, id: 440902148240704172)', '(distance: 0.6933104395866394, id: 440902148240704109)', '(distance: 0.6802200078964233, id: 440902148240704146)', '(distance: 0.6578536033630371, id: 440902148240704119)', '(distance: 0.6570068597793579, id: 440902148240704077)', '(distance: 0.6559594869613647, id: 440902148240704123)', '(distance: 0.6555734872817993, id: 440902148240704200)']"]
2023-04-20 16:06:21,030 ｜ DEBUG ｜ mysql_helpers.py ｜ search_by_milvus_id_for_answer ｜ 64 ｜ MYSQL search by milvus id.
2023-04-20 16:06:21,031 ｜ DEBUG ｜ mysql_helpers.py ｜ search_by_milvus_ids ｜ 94 ｜ MYSQL search by milvus id.
2023-04-20 16:06:21,032 ｜ DEBUG ｜ mysql_helpers.py ｜ search_by_milvus_id_for_pic ｜ 79 ｜ MYSQL search by milvus id.
2023-04-20 16:06:41,177 ｜ DEBUG ｜ milvus_helpers.py ｜ search_vectors ｜ 103 ｜ Successfully search in collection: ["['(distance: 1.0, id: 440902148240704132)', '(distance: 0.8686301708221436, id: 440902148240704081)', '(distance: 0.7574129104614258, id: 440902148240704172)', '(distance: 0.7383682131767273, id: 440902148240704082)', '(distance: 0.7200784087181091, id: 440902148240704130)', '(distance: 0.7010338306427002, id: 440902148240704080)', '(distance: 0.688866376876831, id: 440902148240704158)', '(distance: 0.6885467767715454, id: 440902148240704079)', '(distance: 0.6498923301696777, id: 440902148240704117)', '(distance: 0.6408745646476746, id: 440902148240704174)']"]
2023-04-20 16:06:41,178 ｜ DEBUG ｜ mysql_helpers.py ｜ search_by_milvus_id_for_answer ｜ 64 ｜ MYSQL search by milvus id.
2023-04-20 16:06:41,179 ｜ DEBUG ｜ mysql_helpers.py ｜ search_by_milvus_ids ｜ 94 ｜ MYSQL search by milvus id.
2023-04-20 16:06:41,180 ｜ DEBUG ｜ mysql_helpers.py ｜ search_by_milvus_id_for_pic ｜ 79 ｜ MYSQL search by milvus id.
2023-04-20 16:07:00,303 ｜ DEBUG ｜ milvus_helpers.py ｜ search_vectors ｜ 103 ｜ Successfully search in collection: ["['(distance: 1.0, id: 440902148240704133)', '(distance: 0.7636165618896484, id: 440902148240704108)', '(distance: 0.7293754816055298, id: 440902148240704195)', '(distance: 0.7221761345863342, id: 440902148240704155)', '(distance: 0.7131131291389465, id: 440902148240704205)', '(distance: 0.7028156518936157, id: 440902148240704137)', '(distance: 0.6844171285629272, id: 440902148240704141)', '(distance: 0.6779593229293823, id: 440902148240704138)', '(distance: 0.6642439365386963, id: 440902148240704075)', '(distance: 0.6457052230834961, id: 440902148240704083)']"]
2023-04-20 16:07:00,304 ｜ DEBUG ｜ mysql_helpers.py ｜ search_by_milvus_id_for_answer ｜ 64 ｜ MYSQL search by milvus id.
2023-04-20 16:07:00,305 ｜ DEBUG ｜ mysql_helpers.py ｜ search_by_milvus_ids ｜ 94 ｜ MYSQL search by milvus id.
2023-04-20 16:07:00,306 ｜ DEBUG ｜ mysql_helpers.py ｜ search_by_milvus_id_for_pic ｜ 79 ｜ MYSQL search by milvus id.
2023-04-20 16:07:59,135 ｜ DEBUG ｜ milvus_helpers.py ｜ search_vectors ｜ 103 ｜ Successfully search in collection: ["['(distance: 0.9999998807907104, id: 440902148240704134)', '(distance: 0.8694087266921997, id: 440902148240704107)', '(distance: 0.7628064155578613, id: 440902148240704112)', '(distance: 0.7547367811203003, id: 440902148240704111)', '(distance: 0.7385753393173218, id: 440902148240704075)', '(distance: 0.7049494385719299, id: 440902148240704109)', '(distance: 0.6990607976913452, id: 440902148240704135)', '(distance: 0.6876377463340759, id: 440902148240704122)', '(distance: 0.6844655871391296, id: 440902148240704145)', '(distance: 0.6786553859710693, id: 440902148240704123)']"]
2023-04-20 16:07:59,137 ｜ DEBUG ｜ mysql_helpers.py ｜ search_by_milvus_id_for_answer ｜ 64 ｜ MYSQL search by milvus id.
2023-04-20 16:07:59,137 ｜ DEBUG ｜ mysql_helpers.py ｜ search_by_milvus_ids ｜ 94 ｜ MYSQL search by milvus id.
2023-04-20 16:07:59,138 ｜ DEBUG ｜ mysql_helpers.py ｜ search_by_milvus_id_for_pic ｜ 79 ｜ MYSQL search by milvus id.
2023-04-20 16:08:14,970 ｜ DEBUG ｜ milvus_helpers.py ｜ search_vectors ｜ 103 ｜ Successfully search in collection: ["['(distance: 0.9999999403953552, id: 440902148240704135)', '(distance: 0.8239814043045044, id: 440902148240704075)', '(distance: 0.7239428758621216, id: 440902148240704123)', '(distance: 0.7131187915802002, id: 440902148240704136)', '(distance: 0.7079620361328125, id: 440902148240704109)', '(distance: 0.6990607976913452, id: 440902148240704134)', '(distance: 0.6669992804527283, id: 440902148240704174)', '(distance: 0.6660054922103882, id: 440902148240704122)', '(distance: 0.6560714840888977, id: 440902148240704175)', '(distance: 0.6483728289604187, id: 440902148240704083)']"]
2023-04-20 16:08:14,971 ｜ DEBUG ｜ mysql_helpers.py ｜ search_by_milvus_id_for_answer ｜ 64 ｜ MYSQL search by milvus id.
2023-04-20 16:08:14,972 ｜ DEBUG ｜ mysql_helpers.py ｜ search_by_milvus_ids ｜ 94 ｜ MYSQL search by milvus id.
2023-04-20 16:08:14,973 ｜ DEBUG ｜ mysql_helpers.py ｜ search_by_milvus_id_for_pic ｜ 79 ｜ MYSQL search by milvus id.
2023-04-20 16:08:25,836 ｜ DEBUG ｜ milvus_helpers.py ｜ search_vectors ｜ 103 ｜ Successfully search in collection: ["['(distance: 0.9999999403953552, id: 440902148240704136)', '(distance: 0.8406721353530884, id: 440902148240704139)', '(distance: 0.7800933122634888, id: 440902148240704191)', '(distance: 0.7750452756881714, id: 440902148240704137)', '(distance: 0.7359882593154907, id: 440902148240704167)', '(distance: 0.7301937341690063, id: 440902148240704140)', '(distance: 0.7131187915802002, id: 440902148240704135)', '(distance: 0.7114481925964355, id: 440902148240704075)', '(distance: 0.7084158658981323, id: 440902148240704174)', '(distance: 0.6996957063674927, id: 440902148240704083)']"]
2023-04-20 16:08:25,837 ｜ DEBUG ｜ mysql_helpers.py ｜ search_by_milvus_id_for_answer ｜ 64 ｜ MYSQL search by milvus id.
2023-04-20 16:08:25,838 ｜ DEBUG ｜ mysql_helpers.py ｜ search_by_milvus_ids ｜ 94 ｜ MYSQL search by milvus id.
2023-04-20 16:08:25,839 ｜ DEBUG ｜ mysql_helpers.py ｜ search_by_milvus_id_for_pic ｜ 79 ｜ MYSQL search by milvus id.
2023-04-20 16:08:41,003 ｜ DEBUG ｜ milvus_helpers.py ｜ search_vectors ｜ 103 ｜ Successfully search in collection: ["['(distance: 1.0, id: 440902148240704137)', '(distance: 0.7750452756881714, id: 440902148240704136)', '(distance: 0.7350505590438843, id: 440902148240704139)', '(distance: 0.7338919639587402, id: 440902148240704167)', '(distance: 0.7301219701766968, id: 440902148240704155)', '(distance: 0.7232136726379395, id: 440902148240704122)', '(distance: 0.7028156518936157, id: 440902148240704133)', '(distance: 0.7013787627220154, id: 440902148240704130)', '(distance: 0.6920558214187622, id: 440902148240704083)', '(distance: 0.6917775869369507, id: 440902148240704195)']"]
2023-04-20 16:08:41,005 ｜ DEBUG ｜ mysql_helpers.py ｜ search_by_milvus_id_for_answer ｜ 64 ｜ MYSQL search by milvus id.
2023-04-20 16:08:41,006 ｜ DEBUG ｜ mysql_helpers.py ｜ search_by_milvus_ids ｜ 94 ｜ MYSQL search by milvus id.
2023-04-20 16:08:41,007 ｜ DEBUG ｜ mysql_helpers.py ｜ search_by_milvus_id_for_pic ｜ 79 ｜ MYSQL search by milvus id.
2023-04-20 16:11:01,594 ｜ DEBUG ｜ milvus_helpers.py ｜ search_vectors ｜ 103 ｜ Successfully search in collection: ["['(distance: 1.0000001192092896, id: 440902148240704138)', '(distance: 0.7302690148353577, id: 440902148240704161)', '(distance: 0.6991769075393677, id: 440902148240704108)', '(distance: 0.6935433745384216, id: 440902148240704195)', '(distance: 0.6779593825340271, id: 440902148240704133)', '(distance: 0.6694021224975586, id: 440902148240704157)', '(distance: 0.6527791619300842, id: 440902148240704155)', '(distance: 0.6526841521263123, id: 440902148240704147)', '(distance: 0.6479018926620483, id: 440902148240704141)', '(distance: 0.6358504295349121, id: 440902148240704210)']"]
2023-04-20 16:11:01,596 ｜ DEBUG ｜ mysql_helpers.py ｜ search_by_milvus_id_for_answer ｜ 64 ｜ MYSQL search by milvus id.
2023-04-20 16:11:01,596 ｜ DEBUG ｜ mysql_helpers.py ｜ search_by_milvus_ids ｜ 94 ｜ MYSQL search by milvus id.
2023-04-20 16:11:01,597 ｜ DEBUG ｜ mysql_helpers.py ｜ search_by_milvus_id_for_pic ｜ 79 ｜ MYSQL search by milvus id.
2023-04-20 16:11:20,628 ｜ DEBUG ｜ milvus_helpers.py ｜ search_vectors ｜ 103 ｜ Successfully search in collection: ["['(distance: 1.0, id: 440902148240704139)', '(distance: 0.8406720161437988, id: 440902148240704136)', '(distance: 0.7350505590438843, id: 440902148240704137)', '(distance: 0.7270323038101196, id: 440902148240704191)', '(distance: 0.7217963337898254, id: 440902148240704140)', '(distance: 0.6899408102035522, id: 440902148240704167)', '(distance: 0.6892804503440857, id: 440902148240704146)', '(distance: 0.6779974699020386, id: 440902148240704141)', '(distance: 0.6695618629455566, id: 440902148240704195)', '(distance: 0.6329829692840576, id: 440902148240704194)']"]
2023-04-20 16:11:20,630 ｜ DEBUG ｜ mysql_helpers.py ｜ search_by_milvus_id_for_answer ｜ 64 ｜ MYSQL search by milvus id.
2023-04-20 16:11:20,631 ｜ DEBUG ｜ mysql_helpers.py ｜ search_by_milvus_ids ｜ 94 ｜ MYSQL search by milvus id.
2023-04-20 16:11:20,631 ｜ DEBUG ｜ mysql_helpers.py ｜ search_by_milvus_id_for_pic ｜ 79 ｜ MYSQL search by milvus id.
2023-04-20 16:11:52,135 ｜ DEBUG ｜ milvus_helpers.py ｜ search_vectors ｜ 103 ｜ Successfully search in collection: ["['(distance: 1.0, id: 440902148240704140)', '(distance: 0.7301936745643616, id: 440902148240704136)', '(distance: 0.7217963933944702, id: 440902148240704139)', '(distance: 0.6566646695137024, id: 440902148240704116)', '(distance: 0.6429442763328552, id: 440902148240704191)', '(distance: 0.6391990184783936, id: 440902148240704172)', '(distance: 0.6386451721191406, id: 440902148240704117)', '(distance: 0.6054511070251465, id: 440902148240704209)', '(distance: 0.596879780292511, id: 440902148240704105)', '(distance: 0.5898041725158691, id: 440902148240704083)']"]
2023-04-20 16:11:52,137 ｜ DEBUG ｜ mysql_helpers.py ｜ search_by_milvus_id_for_answer ｜ 64 ｜ MYSQL search by milvus id.
2023-04-20 16:11:52,137 ｜ DEBUG ｜ mysql_helpers.py ｜ search_by_milvus_ids ｜ 94 ｜ MYSQL search by milvus id.
2023-04-20 16:11:52,138 ｜ DEBUG ｜ mysql_helpers.py ｜ search_by_milvus_id_for_pic ｜ 79 ｜ MYSQL search by milvus id.
2023-04-20 16:12:34,265 ｜ DEBUG ｜ milvus_helpers.py ｜ search_vectors ｜ 103 ｜ Successfully search in collection: ["['(distance: 0.9999998807907104, id: 440902148240704141)', '(distance: 0.6959389448165894, id: 440902148240704108)', '(distance: 0.6844171285629272, id: 440902148240704133)', '(distance: 0.6779974699020386, id: 440902148240704139)', '(distance: 0.6728065013885498, id: 440902148240704146)', '(distance: 0.6479018926620483, id: 440902148240704138)', '(distance: 0.6472443342208862, id: 440902148240704191)', '(distance: 0.6371477842330933, id: 440902148240704095)', '(distance: 0.6262577772140503, id: 440902148240704177)', '(distance: 0.6247491836547852, id: 440902148240704084)']"]
2023-04-20 16:12:34,266 ｜ DEBUG ｜ mysql_helpers.py ｜ search_by_milvus_id_for_answer ｜ 64 ｜ MYSQL search by milvus id.
2023-04-20 16:12:34,267 ｜ DEBUG ｜ mysql_helpers.py ｜ search_by_milvus_ids ｜ 94 ｜ MYSQL search by milvus id.
2023-04-20 16:12:34,268 ｜ DEBUG ｜ mysql_helpers.py ｜ search_by_milvus_id_for_pic ｜ 79 ｜ MYSQL search by milvus id.
2023-04-20 16:25:28,564 ｜ DEBUG ｜ milvus_helpers.py ｜ search_vectors ｜ 103 ｜ Successfully search in collection: ["['(distance: 1.000000238418579, id: 440902148240704142)', '(distance: 0.8195260167121887, id: 440902148240704164)', '(distance: 0.798255980014801, id: 440902148240704160)', '(distance: 0.7516176700592041, id: 440902148240704161)', '(distance: 0.7030215263366699, id: 440902148240704165)', '(distance: 0.6589447855949402, id: 440902148240704153)', '(distance: 0.6550350785255432, id: 440902148240704146)', '(distance: 0.6211050748825073, id: 440902148240704089)', '(distance: 0.6177839040756226, id: 440902148240704139)', '(distance: 0.6148557662963867, id: 440902148240704137)']"]
2023-04-20 16:25:28,565 ｜ DEBUG ｜ mysql_helpers.py ｜ search_by_milvus_id_for_answer ｜ 64 ｜ MYSQL search by milvus id.
2023-04-20 16:25:28,566 ｜ DEBUG ｜ mysql_helpers.py ｜ search_by_milvus_ids ｜ 94 ｜ MYSQL search by milvus id.
2023-04-20 16:25:28,567 ｜ DEBUG ｜ mysql_helpers.py ｜ search_by_milvus_id_for_pic ｜ 79 ｜ MYSQL search by milvus id.
2023-04-20 16:26:01,075 ｜ DEBUG ｜ milvus_helpers.py ｜ search_vectors ｜ 103 ｜ Successfully search in collection: ["['(distance: 1.0000001192092896, id: 440902148240704143)', '(distance: 0.7694610357284546, id: 440902148240704161)', '(distance: 0.7548446655273438, id: 440902148240704153)', '(distance: 0.706601619720459, id: 440902148240704094)', '(distance: 0.6668970584869385, id: 440902148240704160)', '(distance: 0.6653430461883545, id: 440902148240704164)', '(distance: 0.6340619325637817, id: 440902148240704144)', '(distance: 0.6298084259033203, id: 440902148240704151)', '(distance: 0.6241349577903748, id: 440902148240704138)', '(distance: 0.6118829846382141, id: 440902148240704205)']"]
2023-04-20 16:26:01,077 ｜ DEBUG ｜ mysql_helpers.py ｜ search_by_milvus_id_for_answer ｜ 64 ｜ MYSQL search by milvus id.
2023-04-20 16:26:01,078 ｜ DEBUG ｜ mysql_helpers.py ｜ search_by_milvus_ids ｜ 94 ｜ MYSQL search by milvus id.
2023-04-20 16:26:01,078 ｜ DEBUG ｜ mysql_helpers.py ｜ search_by_milvus_id_for_pic ｜ 79 ｜ MYSQL search by milvus id.
2023-04-20 16:26:27,007 ｜ DEBUG ｜ milvus_helpers.py ｜ search_vectors ｜ 103 ｜ Successfully search in collection: ["['(distance: 1.0, id: 440902148240704144)', '(distance: 0.7575817704200745, id: 440902148240704101)', '(distance: 0.729729413986206, id: 440902148240704122)', '(distance: 0.7010331749916077, id: 440902148240704115)', '(distance: 0.6970787644386292, id: 440902148240704109)', '(distance: 0.6931948661804199, id: 440902148240704083)', '(distance: 0.6840891242027283, id: 440902148240704102)', '(distance: 0.6721489429473877, id: 440902148240704153)', '(distance: 0.6663172245025635, id: 440902148240704077)', '(distance: 0.6655686497688293, id: 440902148240704137)']"]
2023-04-20 16:26:27,008 ｜ DEBUG ｜ mysql_helpers.py ｜ search_by_milvus_id_for_answer ｜ 64 ｜ MYSQL search by milvus id.
2023-04-20 16:26:27,009 ｜ DEBUG ｜ mysql_helpers.py ｜ search_by_milvus_ids ｜ 94 ｜ MYSQL search by milvus id.
2023-04-20 16:26:27,010 ｜ DEBUG ｜ mysql_helpers.py ｜ search_by_milvus_id_for_pic ｜ 79 ｜ MYSQL search by milvus id.
2023-04-20 17:37:34,291 ｜ DEBUG ｜ milvus_helpers.py ｜ search_vectors ｜ 103 ｜ Successfully search in collection: ["['(distance: 0.5513360500335693, id: 440902148240704169)', '(distance: 0.5062708854675293, id: 440902148240704178)', '(distance: 0.5054090619087219, id: 440902148240704086)', '(distance: 0.48605450987815857, id: 440902148240704158)', '(distance: 0.4498678147792816, id: 440902148240704135)', '(distance: 0.44262969493865967, id: 440902148240704146)', '(distance: 0.4327070116996765, id: 440902148240704175)', '(distance: 0.429962158203125, id: 440902148240704156)', '(distance: 0.39091408252716064, id: 440902148240704084)', '(distance: 0.3839036226272583, id: 440902148240704166)']"]
2023-04-20 17:37:34,292 ｜ DEBUG ｜ mysql_helpers.py ｜ search_by_milvus_id_for_answer ｜ 64 ｜ MYSQL search by milvus id.
2023-04-20 17:37:34,293 ｜ DEBUG ｜ mysql_helpers.py ｜ search_by_milvus_ids ｜ 94 ｜ MYSQL search by milvus id.
2023-04-20 17:37:34,294 ｜ DEBUG ｜ mysql_helpers.py ｜ search_by_milvus_id_for_pic ｜ 79 ｜ MYSQL search by milvus id.
2023-04-20 17:40:37,730 ｜ DEBUG ｜ milvus_helpers.py ｜ search_vectors ｜ 103 ｜ Successfully search in collection: ["['(distance: 0.5803087949752808, id: 440902148240704169)', '(distance: 0.5462071895599365, id: 440902148240704178)', '(distance: 0.5456660985946655, id: 440902148240704086)', '(distance: 0.5199117660522461, id: 440902148240704146)', '(distance: 0.4803888499736786, id: 440902148240704158)', '(distance: 0.4794512391090393, id: 440902148240704135)', '(distance: 0.47034433484077454, id: 440902148240704175)', '(distance: 0.4546016454696655, id: 440902148240704084)', '(distance: 0.45260897278785706, id: 440902148240704156)', '(distance: 0.41811037063598633, id: 440902148240704104)']"]
2023-04-20 17:40:37,731 ｜ DEBUG ｜ mysql_helpers.py ｜ search_by_milvus_id_for_answer ｜ 64 ｜ MYSQL search by milvus id.
2023-04-20 17:40:37,732 ｜ DEBUG ｜ mysql_helpers.py ｜ search_by_milvus_ids ｜ 94 ｜ MYSQL search by milvus id.
2023-04-20 17:40:37,733 ｜ DEBUG ｜ mysql_helpers.py ｜ search_by_milvus_id_for_pic ｜ 79 ｜ MYSQL search by milvus id.
2023-04-20 17:49:04,163 ｜ DEBUG ｜ milvus_helpers.py ｜ search_vectors ｜ 103 ｜ Successfully search in collection: ["['(distance: 0.4588244557380676, id: 440902148240704086)', '(distance: 0.44948381185531616, id: 440902148240704178)', '(distance: 0.43064719438552856, id: 440902148240704169)', '(distance: 0.42252957820892334, id: 440902148240704175)', '(distance: 0.40824073553085327, id: 440902148240704146)', '(distance: 0.3979749083518982, id: 440902148240704135)', '(distance: 0.3904614746570587, id: 440902148240704075)', '(distance: 0.38538241386413574, id: 440902148240704174)', '(distance: 0.3837617039680481, id: 440902148240704104)', '(distance: 0.37631329894065857, id: 440902148240704158)']"]
2023-04-20 17:49:04,164 ｜ DEBUG ｜ mysql_helpers.py ｜ search_by_milvus_id_for_answer ｜ 64 ｜ MYSQL search by milvus id.
2023-04-20 17:49:04,165 ｜ DEBUG ｜ mysql_helpers.py ｜ search_by_milvus_ids ｜ 94 ｜ MYSQL search by milvus id.
2023-04-20 17:49:04,166 ｜ DEBUG ｜ mysql_helpers.py ｜ search_by_milvus_id_for_pic ｜ 79 ｜ MYSQL search by milvus id.
2023-04-20 17:51:51,946 ｜ DEBUG ｜ milvus_helpers.py ｜ search_vectors ｜ 103 ｜ Successfully search in collection: ["['(distance: 0.6675636768341064, id: 440902148240704135)', '(distance: 0.6649647355079651, id: 440902148240704141)', '(distance: 0.6383100748062134, id: 440902148240704146)', '(distance: 0.6244411468505859, id: 440902148240704139)', '(distance: 0.6136014461517334, id: 440902148240704084)', '(distance: 0.6037330031394958, id: 440902148240704172)', '(distance: 0.6016453504562378, id: 440902148240704162)', '(distance: 0.5934160947799683, id: 440902148240704191)', '(distance: 0.5828734040260315, id: 440902148240704083)', '(distance: 0.5811339020729065, id: 440902148240704110)']"]
2023-04-20 17:51:51,947 ｜ DEBUG ｜ mysql_helpers.py ｜ search_by_milvus_id_for_answer ｜ 64 ｜ MYSQL search by milvus id.
2023-04-20 17:51:51,948 ｜ DEBUG ｜ mysql_helpers.py ｜ search_by_milvus_ids ｜ 94 ｜ MYSQL search by milvus id.
2023-04-20 17:51:51,949 ｜ DEBUG ｜ mysql_helpers.py ｜ search_by_milvus_id_for_pic ｜ 79 ｜ MYSQL search by milvus id.
2023-04-20 17:52:03,337 ｜ DEBUG ｜ milvus_helpers.py ｜ search_vectors ｜ 103 ｜ Successfully search in collection: ["['(distance: 0.8844984173774719, id: 440902148240704143)', '(distance: 0.7147133946418762, id: 440902148240704153)', '(distance: 0.7124496698379517, id: 440902148240704161)', '(distance: 0.6883533000946045, id: 440902148240704144)', '(distance: 0.6846523284912109, id: 440902148240704094)', '(distance: 0.6745718717575073, id: 440902148240704148)', '(distance: 0.6667370796203613, id: 440902148240704151)', '(distance: 0.6524156332015991, id: 440902148240704098)', '(distance: 0.6451138257980347, id: 440902148240704138)', '(distance: 0.6411736011505127, id: 440902148240704173)']"]
2023-04-20 17:52:03,339 ｜ DEBUG ｜ mysql_helpers.py ｜ search_by_milvus_id_for_answer ｜ 64 ｜ MYSQL search by milvus id.
2023-04-20 17:52:03,340 ｜ DEBUG ｜ mysql_helpers.py ｜ search_by_milvus_ids ｜ 94 ｜ MYSQL search by milvus id.
2023-04-20 17:52:03,340 ｜ DEBUG ｜ mysql_helpers.py ｜ search_by_milvus_id_for_pic ｜ 79 ｜ MYSQL search by milvus id.
2023-04-20 17:53:33,639 ｜ DEBUG ｜ milvus_helpers.py ｜ search_vectors ｜ 103 ｜ Successfully search in collection: ["['(distance: 0.8844984173774719, id: 440902148240704143)', '(distance: 0.7147133946418762, id: 440902148240704153)', '(distance: 0.7124496698379517, id: 440902148240704161)', '(distance: 0.6883533000946045, id: 440902148240704144)', '(distance: 0.6846523284912109, id: 440902148240704094)', '(distance: 0.6745718717575073, id: 440902148240704148)', '(distance: 0.6667370796203613, id: 440902148240704151)', '(distance: 0.6524156332015991, id: 440902148240704098)', '(distance: 0.6451138257980347, id: 440902148240704138)', '(distance: 0.6411736011505127, id: 440902148240704173)']"]
2023-04-20 17:53:33,641 ｜ DEBUG ｜ mysql_helpers.py ｜ search_by_milvus_id_for_answer ｜ 64 ｜ MYSQL search by milvus id.
2023-04-20 17:53:33,642 ｜ DEBUG ｜ mysql_helpers.py ｜ search_by_milvus_ids ｜ 94 ｜ MYSQL search by milvus id.
2023-04-20 17:53:33,642 ｜ DEBUG ｜ mysql_helpers.py ｜ search_by_milvus_id_for_pic ｜ 79 ｜ MYSQL search by milvus id.
2023-04-20 17:55:28,696 ｜ DEBUG ｜ milvus_helpers.py ｜ search_vectors ｜ 103 ｜ Successfully search in collection: ["['(distance: 0.4588244557380676, id: 440902148240704086)', '(distance: 0.44948381185531616, id: 440902148240704178)', '(distance: 0.43064719438552856, id: 440902148240704169)', '(distance: 0.42252957820892334, id: 440902148240704175)', '(distance: 0.40824073553085327, id: 440902148240704146)', '(distance: 0.3979749083518982, id: 440902148240704135)', '(distance: 0.3904614746570587, id: 440902148240704075)', '(distance: 0.38538241386413574, id: 440902148240704174)', '(distance: 0.3837617039680481, id: 440902148240704104)', '(distance: 0.37631329894065857, id: 440902148240704158)']"]
2023-04-20 17:55:28,697 ｜ DEBUG ｜ mysql_helpers.py ｜ search_by_milvus_id_for_answer ｜ 64 ｜ MYSQL search by milvus id.
2023-04-20 17:55:28,698 ｜ DEBUG ｜ mysql_helpers.py ｜ search_by_milvus_ids ｜ 94 ｜ MYSQL search by milvus id.
2023-04-20 17:55:28,699 ｜ DEBUG ｜ mysql_helpers.py ｜ search_by_milvus_id_for_pic ｜ 79 ｜ MYSQL search by milvus id.
2023-04-20 18:03:01,109 ｜ DEBUG ｜ milvus_helpers.py ｜ search_vectors ｜ 103 ｜ Successfully search in collection: ["['(distance: 0.3788530230522156, id: 440902148240704175)', '(distance: 0.36867523193359375, id: 440902148240704169)', '(distance: 0.3670301139354706, id: 440902148240704110)', '(distance: 0.3502350151538849, id: 440902148240704086)', '(distance: 0.34433799982070923, id: 440902148240704145)', '(distance: 0.3419156074523926, id: 440902148240704146)', '(distance: 0.33420830965042114, id: 440902148240704104)', '(distance: 0.30909356474876404, id: 440902148240704082)', '(distance: 0.2967367172241211, id: 440902148240704178)', '(distance: 0.2703857421875, id: 440902148240704081)']"]
2023-04-20 18:03:01,110 ｜ DEBUG ｜ mysql_helpers.py ｜ search_by_milvus_id_for_answer ｜ 64 ｜ MYSQL search by milvus id.
2023-04-20 18:03:01,111 ｜ DEBUG ｜ mysql_helpers.py ｜ search_by_milvus_ids ｜ 94 ｜ MYSQL search by milvus id.
2023-04-20 18:03:01,112 ｜ DEBUG ｜ mysql_helpers.py ｜ search_by_milvus_id_for_pic ｜ 79 ｜ MYSQL search by milvus id.
2023-04-20 18:04:45,694 ｜ DEBUG ｜ milvus_helpers.py ｜ search_vectors ｜ 103 ｜ Successfully search in collection: ["['(distance: 0.6740700006484985, id: 440902148240704162)', '(distance: 0.6649818420410156, id: 440902148240704139)', '(distance: 0.6351366639137268, id: 440902148240704146)', '(distance: 0.6170793771743774, id: 440902148240704141)', '(distance: 0.542058527469635, id: 440902148240704191)', '(distance: 0.534055233001709, id: 440902148240704142)', '(distance: 0.5280210971832275, id: 440902148240704192)', '(distance: 0.47734373807907104, id: 440902148240704140)', '(distance: 0.4735617935657501, id: 440902148240704136)', '(distance: 0.4585583806037903, id: 440902148240704100)']"]
2023-04-20 18:04:45,695 ｜ DEBUG ｜ mysql_helpers.py ｜ search_by_milvus_id_for_answer ｜ 64 ｜ MYSQL search by milvus id.
2023-04-20 18:04:45,696 ｜ DEBUG ｜ mysql_helpers.py ｜ search_by_milvus_ids ｜ 94 ｜ MYSQL search by milvus id.
2023-04-20 18:04:45,697 ｜ DEBUG ｜ mysql_helpers.py ｜ search_by_milvus_id_for_pic ｜ 79 ｜ MYSQL search by milvus id.
2023-04-20 18:16:19,332 ｜ DEBUG ｜ milvus_helpers.py ｜ search_vectors ｜ 103 ｜ Successfully search in collection: ["['(distance: 0.6564958691596985, id: 440902148240704118)', '(distance: 0.6308521032333374, id: 440902148240704103)', '(distance: 0.6060442924499512, id: 440902148240704108)', '(distance: 0.5893594026565552, id: 440902148240704207)', '(distance: 0.582004189491272, id: 440902148240704205)', '(distance: 0.5729334950447083, id: 440902148240704201)', '(distance: 0.5675873160362244, id: 440902148240704126)', '(distance: 0.5608161687850952, id: 440902148240704148)', '(distance: 0.559238076210022, id: 440902148240704125)', '(distance: 0.5503089427947998, id: 440902148240704154)']"]
2023-04-20 18:16:19,334 ｜ DEBUG ｜ mysql_helpers.py ｜ search_by_milvus_id_for_answer ｜ 64 ｜ MYSQL search by milvus id.
2023-04-20 18:16:19,335 ｜ DEBUG ｜ mysql_helpers.py ｜ search_by_milvus_ids ｜ 94 ｜ MYSQL search by milvus id.
2023-04-20 18:16:19,336 ｜ DEBUG ｜ mysql_helpers.py ｜ search_by_milvus_id_for_pic ｜ 79 ｜ MYSQL search by milvus id.
2023-04-20 22:19:39,718 ｜ DEBUG ｜ milvus_helpers.py ｜ search_vectors ｜ 103 ｜ Successfully search in collection: ["['(distance: 0.5513360500335693, id: 440902148240704169)', '(distance: 0.5062708854675293, id: 440902148240704178)', '(distance: 0.5054090619087219, id: 440902148240704086)', '(distance: 0.48605450987815857, id: 440902148240704158)', '(distance: 0.4498678147792816, id: 440902148240704135)', '(distance: 0.44262969493865967, id: 440902148240704146)', '(distance: 0.4327070116996765, id: 440902148240704175)', '(distance: 0.429962158203125, id: 440902148240704156)', '(distance: 0.39091408252716064, id: 440902148240704084)', '(distance: 0.3839036226272583, id: 440902148240704166)']"]
2023-04-20 22:19:39,719 ｜ DEBUG ｜ mysql_helpers.py ｜ search_by_milvus_id_for_answer ｜ 64 ｜ MYSQL search by milvus id.
2023-04-20 22:19:39,720 ｜ DEBUG ｜ mysql_helpers.py ｜ search_by_milvus_ids ｜ 94 ｜ MYSQL search by milvus id.
2023-04-20 22:19:39,721 ｜ DEBUG ｜ mysql_helpers.py ｜ search_by_milvus_id_for_pic ｜ 79 ｜ MYSQL search by milvus id.
2023-04-20 22:24:11,148 ｜ DEBUG ｜ milvus_helpers.py ｜ search_vectors ｜ 103 ｜ Successfully search in collection: ["['(distance: 0.4588244557380676, id: 440902148240704086)', '(distance: 0.44948381185531616, id: 440902148240704178)', '(distance: 0.43064719438552856, id: 440902148240704169)', '(distance: 0.42252957820892334, id: 440902148240704175)', '(distance: 0.40824073553085327, id: 440902148240704146)', '(distance: 0.3979749083518982, id: 440902148240704135)', '(distance: 0.3904614746570587, id: 440902148240704075)', '(distance: 0.38538241386413574, id: 440902148240704174)', '(distance: 0.3837617039680481, id: 440902148240704104)', '(distance: 0.37631329894065857, id: 440902148240704158)']"]
2023-04-20 22:24:11,149 ｜ DEBUG ｜ mysql_helpers.py ｜ search_by_milvus_id_for_answer ｜ 64 ｜ MYSQL search by milvus id.
2023-04-20 22:24:11,150 ｜ DEBUG ｜ mysql_helpers.py ｜ search_by_milvus_ids ｜ 94 ｜ MYSQL search by milvus id.
2023-04-20 22:24:11,151 ｜ DEBUG ｜ mysql_helpers.py ｜ search_by_milvus_id_for_pic ｜ 79 ｜ MYSQL search by milvus id.
2023-04-20 22:24:52,237 ｜ DEBUG ｜ milvus_helpers.py ｜ search_vectors ｜ 103 ｜ Successfully search in collection: ["['(distance: 0.8485807180404663, id: 440902148240704164)', '(distance: 0.8221977949142456, id: 440902148240704165)', '(distance: 0.7661563158035278, id: 440902148240704148)', '(distance: 0.7357660531997681, id: 440902148240704142)', '(distance: 0.7262096405029297, id: 440902148240704160)', '(distance: 0.6635416746139526, id: 440902148240704163)', '(distance: 0.6635149717330933, id: 440902148240704180)', '(distance: 0.6607978343963623, id: 440902148240704110)', '(distance: 0.6532769203186035, id: 440902148240704161)', '(distance: 0.6431909799575806, id: 440902148240704159)']"]
2023-04-20 22:24:52,238 ｜ DEBUG ｜ mysql_helpers.py ｜ search_by_milvus_id_for_answer ｜ 64 ｜ MYSQL search by milvus id.
2023-04-20 22:24:52,239 ｜ DEBUG ｜ mysql_helpers.py ｜ search_by_milvus_ids ｜ 94 ｜ MYSQL search by milvus id.
2023-04-20 22:24:52,239 ｜ DEBUG ｜ mysql_helpers.py ｜ search_by_milvus_id_for_pic ｜ 79 ｜ MYSQL search by milvus id.
2023-04-20 22:26:26,108 ｜ DEBUG ｜ milvus_helpers.py ｜ search_vectors ｜ 103 ｜ Successfully search in collection: ["['(distance: 0.7499123215675354, id: 440902148240704163)', '(distance: 0.6281406283378601, id: 440902148240704178)', '(distance: 0.5846962332725525, id: 440902148240704173)', '(distance: 0.570335328578949, id: 440902148240704090)', '(distance: 0.5619285106658936, id: 440902148240704148)', '(distance: 0.5607445240020752, id: 440902148240704156)', '(distance: 0.5482020378112793, id: 440902148240704158)', '(distance: 0.5257435441017151, id: 440902148240704171)', '(distance: 0.5178418159484863, id: 440902148240704159)', '(distance: 0.5105608701705933, id: 440902148240704165)']"]
2023-04-20 22:26:26,109 ｜ DEBUG ｜ mysql_helpers.py ｜ search_by_milvus_id_for_answer ｜ 64 ｜ MYSQL search by milvus id.
2023-04-20 22:26:26,110 ｜ DEBUG ｜ mysql_helpers.py ｜ search_by_milvus_ids ｜ 94 ｜ MYSQL search by milvus id.
2023-04-20 22:26:26,111 ｜ DEBUG ｜ mysql_helpers.py ｜ search_by_milvus_id_for_pic ｜ 79 ｜ MYSQL search by milvus id.
2023-04-20 22:26:30,475 ｜ DEBUG ｜ milvus_helpers.py ｜ search_vectors ｜ 103 ｜ Successfully search in collection: ["['(distance: 0.686572790145874, id: 440902148240704162)', '(distance: 0.6076269745826721, id: 440902148240704163)', '(distance: 0.5408541560173035, id: 440902148240704100)', '(distance: 0.4562903046607971, id: 440902148240704146)', '(distance: 0.4413849711418152, id: 440902148240704169)', '(distance: 0.4318178594112396, id: 440902148240704170)', '(distance: 0.40689802169799805, id: 440902148240704121)', '(distance: 0.405342161655426, id: 440902148240704106)', '(distance: 0.40188854932785034, id: 440902148240704084)', '(distance: 0.39916661381721497, id: 440902148240704174)']"]
2023-04-20 22:26:30,476 ｜ DEBUG ｜ mysql_helpers.py ｜ search_by_milvus_id_for_answer ｜ 64 ｜ MYSQL search by milvus id.
2023-04-20 22:26:30,477 ｜ DEBUG ｜ mysql_helpers.py ｜ search_by_milvus_ids ｜ 94 ｜ MYSQL search by milvus id.
2023-04-20 22:26:30,478 ｜ DEBUG ｜ mysql_helpers.py ｜ search_by_milvus_id_for_pic ｜ 79 ｜ MYSQL search by milvus id.
2023-04-20 22:26:45,226 ｜ DEBUG ｜ milvus_helpers.py ｜ search_vectors ｜ 103 ｜ Successfully search in collection: ["['(distance: 0.4588244557380676, id: 440902148240704086)', '(distance: 0.44948381185531616, id: 440902148240704178)', '(distance: 0.43064719438552856, id: 440902148240704169)', '(distance: 0.42252957820892334, id: 440902148240704175)', '(distance: 0.40824073553085327, id: 440902148240704146)', '(distance: 0.3979749083518982, id: 440902148240704135)', '(distance: 0.3904614746570587, id: 440902148240704075)', '(distance: 0.38538241386413574, id: 440902148240704174)', '(distance: 0.3837617039680481, id: 440902148240704104)', '(distance: 0.37631329894065857, id: 440902148240704158)']"]
2023-04-20 22:26:45,227 ｜ DEBUG ｜ mysql_helpers.py ｜ search_by_milvus_id_for_answer ｜ 64 ｜ MYSQL search by milvus id.
2023-04-20 22:26:45,228 ｜ DEBUG ｜ mysql_helpers.py ｜ search_by_milvus_ids ｜ 94 ｜ MYSQL search by milvus id.
2023-04-20 22:26:45,228 ｜ DEBUG ｜ mysql_helpers.py ｜ search_by_milvus_id_for_pic ｜ 79 ｜ MYSQL search by milvus id.
2023-04-20 22:30:12,824 ｜ DEBUG ｜ milvus_helpers.py ｜ search_vectors ｜ 103 ｜ Successfully search in collection: ["['(distance: 0.8512901663780212, id: 440902148240704146)', '(distance: 0.7699259519577026, id: 440902148240704162)', '(distance: 0.678490936756134, id: 440902148240704135)', '(distance: 0.6561447381973267, id: 440902148240704086)', '(distance: 0.6494878530502319, id: 440902148240704139)', '(distance: 0.623509407043457, id: 440902148240704110)', '(distance: 0.6226938962936401, id: 440902148240704141)', '(distance: 0.6171988844871521, id: 440902148240704191)', '(distance: 0.6124392747879028, id: 440902148240704136)', '(distance: 0.6111066341400146, id: 440902148240704142)']"]
2023-04-20 22:30:12,825 ｜ DEBUG ｜ mysql_helpers.py ｜ search_by_milvus_id_for_answer ｜ 64 ｜ MYSQL search by milvus id.
2023-04-20 22:30:12,826 ｜ DEBUG ｜ mysql_helpers.py ｜ search_by_milvus_ids ｜ 94 ｜ MYSQL search by milvus id.
2023-04-20 22:30:12,827 ｜ DEBUG ｜ mysql_helpers.py ｜ search_by_milvus_id_for_pic ｜ 79 ｜ MYSQL search by milvus id.
