2023-06-28 09:29:56,549 ｜ INFO ｜ SentenceTransformer.py ｜ __init__ ｜ 41 ｜ Load pretrained SentenceTransformer: models/paraphrase-multilingual-mpnet-base-v2
2023-06-28 09:29:56,549 ｜ INFO ｜ SentenceTransformer.py ｜ __init__ ｜ 107 ｜ Load SentenceTransformer from folder: models/paraphrase-multilingual-mpnet-base-v2
2023-06-28 09:30:00,075 ｜ INFO ｜ SentenceTransformer.py ｜ __init__ ｜ 131 ｜ Use pytorch device: cpu
2023-06-28 09:30:00,080 ｜ DEBUG ｜ milvus_helpers.py ｜ __init__ ｜ 15 ｜ Successfully connect to Milvus with IP:('0.0.0.0',) and PORT:19530
2023-06-28 09:30:00,084 ｜ DEBUG ｜ selector_events.py ｜ __init__ ｜ 54 ｜ Using selector: EpollSelector
2023-06-28 09:30:28,674 ｜ DEBUG ｜ milvus_helpers.py ｜ search_vectors ｜ 102 ｜ Successfully search in collection: ["['(distance: 0.9011977910995483, id: 440902148240704084)', '(distance: 0.7784079313278198, id: 440902148240704174)', '(distance: 0.7329307794570923, id: 440902148240704172)', '(distance: 0.7102198600769043, id: 440902148240704079)', '(distance: 0.702391505241394, id: 440902148240704175)', '(distance: 0.6837661862373352, id: 440902148240704083)', '(distance: 0.676744818687439, id: 440902148240704197)', '(distance: 0.6725162863731384, id: 440902148240704158)', '(distance: 0.669668436050415, id: 440902148240704080)', '(distance: 0.6579427719116211, id: 440902148240704082)']"]
2023-06-28 09:30:28,675 ｜ DEBUG ｜ mysql_helpers.py ｜ search_by_milvus_id_for_answer ｜ 64 ｜ MYSQL search by milvus id.
2023-06-28 09:30:28,676 ｜ DEBUG ｜ mysql_helpers.py ｜ search_by_milvus_ids ｜ 94 ｜ MYSQL search by milvus id.
2023-06-28 09:30:28,677 ｜ DEBUG ｜ mysql_helpers.py ｜ search_by_milvus_id_for_pic ｜ 79 ｜ MYSQL search by milvus id.
2023-06-28 09:30:28,748 ｜ DEBUG ｜ milvus_helpers.py ｜ search_vectors ｜ 102 ｜ Successfully search in collection: ["['(distance: 0.9011977910995483, id: 440902148240704084)', '(distance: 0.7784079313278198, id: 440902148240704174)', '(distance: 0.7329307794570923, id: 440902148240704172)', '(distance: 0.7102198600769043, id: 440902148240704079)', '(distance: 0.702391505241394, id: 440902148240704175)', '(distance: 0.6837661862373352, id: 440902148240704083)', '(distance: 0.676744818687439, id: 440902148240704197)', '(distance: 0.6725162863731384, id: 440902148240704158)', '(distance: 0.669668436050415, id: 440902148240704080)', '(distance: 0.6579427719116211, id: 440902148240704082)']"]
2023-06-28 09:30:28,749 ｜ DEBUG ｜ mysql_helpers.py ｜ search_by_milvus_ids ｜ 94 ｜ MYSQL search by milvus id.
2023-06-28 09:30:28,749 ｜ INFO ｜ remain.py ｜ do_get_question_api ｜ 68 ｜ Successfully searched similar images!
2023-06-28 09:31:34,878 ｜ DEBUG ｜ milvus_helpers.py ｜ search_vectors ｜ 102 ｜ Successfully search in collection: ["['(distance: 0.9011977910995483, id: 440902148240704084)', '(distance: 0.7784079313278198, id: 440902148240704174)', '(distance: 0.7329307794570923, id: 440902148240704172)', '(distance: 0.7102198600769043, id: 440902148240704079)', '(distance: 0.702391505241394, id: 440902148240704175)', '(distance: 0.6837661862373352, id: 440902148240704083)', '(distance: 0.676744818687439, id: 440902148240704197)', '(distance: 0.6725162863731384, id: 440902148240704158)', '(distance: 0.669668436050415, id: 440902148240704080)', '(distance: 0.6579427719116211, id: 440902148240704082)']"]
2023-06-28 09:31:34,879 ｜ DEBUG ｜ mysql_helpers.py ｜ search_by_milvus_id_for_answer ｜ 64 ｜ MYSQL search by milvus id.
2023-06-28 09:31:34,880 ｜ DEBUG ｜ mysql_helpers.py ｜ search_by_milvus_ids ｜ 94 ｜ MYSQL search by milvus id.
2023-06-28 09:31:34,881 ｜ DEBUG ｜ mysql_helpers.py ｜ search_by_milvus_id_for_pic ｜ 79 ｜ MYSQL search by milvus id.
2023-06-28 09:31:34,956 ｜ DEBUG ｜ milvus_helpers.py ｜ search_vectors ｜ 102 ｜ Successfully search in collection: ["['(distance: 0.9011977910995483, id: 440902148240704084)', '(distance: 0.7784079313278198, id: 440902148240704174)', '(distance: 0.7329307794570923, id: 440902148240704172)', '(distance: 0.7102198600769043, id: 440902148240704079)', '(distance: 0.702391505241394, id: 440902148240704175)', '(distance: 0.6837661862373352, id: 440902148240704083)', '(distance: 0.676744818687439, id: 440902148240704197)', '(distance: 0.6725162863731384, id: 440902148240704158)', '(distance: 0.669668436050415, id: 440902148240704080)', '(distance: 0.6579427719116211, id: 440902148240704082)']"]
2023-06-28 09:31:34,957 ｜ DEBUG ｜ mysql_helpers.py ｜ search_by_milvus_ids ｜ 94 ｜ MYSQL search by milvus id.
2023-06-28 09:31:34,957 ｜ INFO ｜ remain.py ｜ do_get_question_api ｜ 68 ｜ Successfully searched similar images!
2023-06-28 09:32:59,487 ｜ DEBUG ｜ milvus_helpers.py ｜ search_vectors ｜ 102 ｜ Successfully search in collection: ["['(distance: 0.9011977910995483, id: 440902148240704084)', '(distance: 0.7784079313278198, id: 440902148240704174)', '(distance: 0.7329307794570923, id: 440902148240704172)', '(distance: 0.7102198600769043, id: 440902148240704079)', '(distance: 0.702391505241394, id: 440902148240704175)', '(distance: 0.6837661862373352, id: 440902148240704083)', '(distance: 0.676744818687439, id: 440902148240704197)', '(distance: 0.6725162863731384, id: 440902148240704158)', '(distance: 0.669668436050415, id: 440902148240704080)', '(distance: 0.6579427719116211, id: 440902148240704082)']"]
2023-06-28 09:32:59,488 ｜ DEBUG ｜ mysql_helpers.py ｜ search_by_milvus_ids ｜ 94 ｜ MYSQL search by milvus id.
2023-06-28 09:32:59,489 ｜ INFO ｜ remain.py ｜ do_get_question_api ｜ 68 ｜ Successfully searched similar images!
2023-06-28 09:34:26,978 ｜ DEBUG ｜ milvus_helpers.py ｜ search_vectors ｜ 102 ｜ Successfully search in collection: ["['(distance: 0.9011977910995483, id: 440902148240704084)', '(distance: 0.7784079313278198, id: 440902148240704174)', '(distance: 0.7329307794570923, id: 440902148240704172)', '(distance: 0.7102198600769043, id: 440902148240704079)', '(distance: 0.702391505241394, id: 440902148240704175)', '(distance: 0.6837661862373352, id: 440902148240704083)', '(distance: 0.676744818687439, id: 440902148240704197)', '(distance: 0.6725162863731384, id: 440902148240704158)', '(distance: 0.669668436050415, id: 440902148240704080)', '(distance: 0.6579427719116211, id: 440902148240704082)']"]
2023-06-28 09:34:26,979 ｜ DEBUG ｜ mysql_helpers.py ｜ search_by_milvus_id_for_answer ｜ 64 ｜ MYSQL search by milvus id.
2023-06-28 09:34:26,980 ｜ DEBUG ｜ mysql_helpers.py ｜ search_by_milvus_ids ｜ 94 ｜ MYSQL search by milvus id.
2023-06-28 09:34:26,981 ｜ DEBUG ｜ mysql_helpers.py ｜ search_by_milvus_id_for_pic ｜ 79 ｜ MYSQL search by milvus id.
2023-06-28 09:35:42,755 ｜ DEBUG ｜ milvus_helpers.py ｜ search_vectors ｜ 102 ｜ Successfully search in collection: ["['(distance: 0.8738101720809937, id: 440902148240704084)', '(distance: 0.714116096496582, id: 440902148240704175)', '(distance: 0.6728556752204895, id: 440902148240704179)', '(distance: 0.6580314040184021, id: 440902148240704146)', '(distance: 0.6529269218444824, id: 440902148240704141)', '(distance: 0.636579692363739, id: 440902148240704110)', '(distance: 0.6347386837005615, id: 440902148240704197)', '(distance: 0.6305302381515503, id: 440902148240704178)', '(distance: 0.6300004720687866, id: 440902148240704145)', '(distance: 0.6169263124465942, id: 440902148240704174)']"]
2023-06-28 09:35:42,756 ｜ DEBUG ｜ mysql_helpers.py ｜ search_by_milvus_id_for_answer ｜ 64 ｜ MYSQL search by milvus id.
2023-06-28 09:35:42,757 ｜ DEBUG ｜ mysql_helpers.py ｜ search_by_milvus_ids ｜ 94 ｜ MYSQL search by milvus id.
2023-06-28 09:35:42,758 ｜ DEBUG ｜ mysql_helpers.py ｜ search_by_milvus_id_for_pic ｜ 79 ｜ MYSQL search by milvus id.
2023-06-28 09:35:42,875 ｜ DEBUG ｜ milvus_helpers.py ｜ search_vectors ｜ 102 ｜ Successfully search in collection: ["['(distance: 0.8738101720809937, id: 440902148240704084)', '(distance: 0.714116096496582, id: 440902148240704175)', '(distance: 0.6728556752204895, id: 440902148240704179)', '(distance: 0.6580314040184021, id: 440902148240704146)', '(distance: 0.6529269218444824, id: 440902148240704141)', '(distance: 0.636579692363739, id: 440902148240704110)', '(distance: 0.6347386837005615, id: 440902148240704197)', '(distance: 0.6305302381515503, id: 440902148240704178)', '(distance: 0.6300004720687866, id: 440902148240704145)', '(distance: 0.6169263124465942, id: 440902148240704174)']"]
2023-06-28 09:35:42,876 ｜ DEBUG ｜ mysql_helpers.py ｜ search_by_milvus_ids ｜ 94 ｜ MYSQL search by milvus id.
2023-06-28 09:35:42,877 ｜ INFO ｜ remain.py ｜ do_get_question_api ｜ 68 ｜ Successfully searched similar images!
2023-06-28 09:36:23,896 ｜ DEBUG ｜ milvus_helpers.py ｜ search_vectors ｜ 102 ｜ Successfully search in collection: ["['(distance: 0.8738101720809937, id: 440902148240704084)', '(distance: 0.714116096496582, id: 440902148240704175)', '(distance: 0.6728556752204895, id: 440902148240704179)', '(distance: 0.6580314040184021, id: 440902148240704146)', '(distance: 0.6529269218444824, id: 440902148240704141)', '(distance: 0.636579692363739, id: 440902148240704110)', '(distance: 0.6347386837005615, id: 440902148240704197)', '(distance: 0.6305302381515503, id: 440902148240704178)', '(distance: 0.6300004720687866, id: 440902148240704145)', '(distance: 0.6169263124465942, id: 440902148240704174)']"]
2023-06-28 09:36:23,897 ｜ DEBUG ｜ mysql_helpers.py ｜ search_by_milvus_ids ｜ 94 ｜ MYSQL search by milvus id.
2023-06-28 09:36:23,897 ｜ INFO ｜ remain.py ｜ do_get_question_api ｜ 68 ｜ Successfully searched similar images!
2023-06-28 09:36:23,945 ｜ DEBUG ｜ milvus_helpers.py ｜ search_vectors ｜ 102 ｜ Successfully search in collection: ["['(distance: 0.8738101720809937, id: 440902148240704084)', '(distance: 0.714116096496582, id: 440902148240704175)', '(distance: 0.6728556752204895, id: 440902148240704179)', '(distance: 0.6580314040184021, id: 440902148240704146)', '(distance: 0.6529269218444824, id: 440902148240704141)', '(distance: 0.636579692363739, id: 440902148240704110)', '(distance: 0.6347386837005615, id: 440902148240704197)', '(distance: 0.6305302381515503, id: 440902148240704178)', '(distance: 0.6300004720687866, id: 440902148240704145)', '(distance: 0.6169263124465942, id: 440902148240704174)']"]
2023-06-28 09:36:23,946 ｜ DEBUG ｜ mysql_helpers.py ｜ search_by_milvus_id_for_answer ｜ 64 ｜ MYSQL search by milvus id.
2023-06-28 09:36:23,947 ｜ DEBUG ｜ mysql_helpers.py ｜ search_by_milvus_ids ｜ 94 ｜ MYSQL search by milvus id.
2023-06-28 09:36:23,948 ｜ DEBUG ｜ mysql_helpers.py ｜ search_by_milvus_id_for_pic ｜ 79 ｜ MYSQL search by milvus id.
2023-06-28 09:38:46,261 ｜ DEBUG ｜ milvus_helpers.py ｜ search_vectors ｜ 102 ｜ Successfully search in collection: ["['(distance: 0.8738101720809937, id: 440902148240704084)', '(distance: 0.714116096496582, id: 440902148240704175)', '(distance: 0.6728556752204895, id: 440902148240704179)', '(distance: 0.6580314040184021, id: 440902148240704146)', '(distance: 0.6529269218444824, id: 440902148240704141)', '(distance: 0.636579692363739, id: 440902148240704110)', '(distance: 0.6347386837005615, id: 440902148240704197)', '(distance: 0.6305302381515503, id: 440902148240704178)', '(distance: 0.6300004720687866, id: 440902148240704145)', '(distance: 0.6169263124465942, id: 440902148240704174)']"]
2023-06-28 09:38:46,263 ｜ DEBUG ｜ mysql_helpers.py ｜ search_by_milvus_id_for_answer ｜ 64 ｜ MYSQL search by milvus id.
2023-06-28 09:38:46,263 ｜ DEBUG ｜ mysql_helpers.py ｜ search_by_milvus_ids ｜ 94 ｜ MYSQL search by milvus id.
2023-06-28 09:38:46,264 ｜ DEBUG ｜ mysql_helpers.py ｜ search_by_milvus_id_for_pic ｜ 79 ｜ MYSQL search by milvus id.
2023-06-28 09:38:46,322 ｜ DEBUG ｜ milvus_helpers.py ｜ search_vectors ｜ 102 ｜ Successfully search in collection: ["['(distance: 0.8738101720809937, id: 440902148240704084)', '(distance: 0.714116096496582, id: 440902148240704175)', '(distance: 0.6728556752204895, id: 440902148240704179)', '(distance: 0.6580314040184021, id: 440902148240704146)', '(distance: 0.6529269218444824, id: 440902148240704141)', '(distance: 0.636579692363739, id: 440902148240704110)', '(distance: 0.6347386837005615, id: 440902148240704197)', '(distance: 0.6305302381515503, id: 440902148240704178)', '(distance: 0.6300004720687866, id: 440902148240704145)', '(distance: 0.6169263124465942, id: 440902148240704174)']"]
2023-06-28 09:38:46,323 ｜ DEBUG ｜ mysql_helpers.py ｜ search_by_milvus_ids ｜ 94 ｜ MYSQL search by milvus id.
2023-06-28 09:38:46,324 ｜ INFO ｜ remain.py ｜ do_get_question_api ｜ 68 ｜ Successfully searched similar images!
2023-06-28 09:42:20,312 ｜ DEBUG ｜ milvus_helpers.py ｜ search_vectors ｜ 102 ｜ Successfully search in collection: ["['(distance: 0.8390592336654663, id: 440902148240704084)', '(distance: 0.6728834509849548, id: 440902148240704141)', '(distance: 0.671095073223114, id: 440902148240704179)', '(distance: 0.6702864170074463, id: 440902148240704146)', '(distance: 0.6685686111450195, id: 440902148240704197)', '(distance: 0.6572592258453369, id: 440902148240704177)', '(distance: 0.6532939672470093, id: 440902148240704110)', '(distance: 0.6462205648422241, id: 440902148240704101)', '(distance: 0.6449927091598511, id: 440902148240704145)', '(distance: 0.6428173184394836, id: 440902148240704175)']"]
2023-06-28 09:42:20,314 ｜ DEBUG ｜ mysql_helpers.py ｜ search_by_milvus_id_for_answer ｜ 64 ｜ MYSQL search by milvus id.
2023-06-28 09:42:20,314 ｜ DEBUG ｜ mysql_helpers.py ｜ search_by_milvus_ids ｜ 94 ｜ MYSQL search by milvus id.
2023-06-28 09:42:20,315 ｜ DEBUG ｜ mysql_helpers.py ｜ search_by_milvus_id_for_pic ｜ 79 ｜ MYSQL search by milvus id.
2023-06-28 09:42:20,391 ｜ DEBUG ｜ milvus_helpers.py ｜ search_vectors ｜ 102 ｜ Successfully search in collection: ["['(distance: 0.8390592336654663, id: 440902148240704084)', '(distance: 0.6728834509849548, id: 440902148240704141)', '(distance: 0.671095073223114, id: 440902148240704179)', '(distance: 0.6702864170074463, id: 440902148240704146)', '(distance: 0.6685686111450195, id: 440902148240704197)', '(distance: 0.6572592258453369, id: 440902148240704177)', '(distance: 0.6532939672470093, id: 440902148240704110)', '(distance: 0.6462205648422241, id: 440902148240704101)', '(distance: 0.6449927091598511, id: 440902148240704145)', '(distance: 0.6428173184394836, id: 440902148240704175)']"]
2023-06-28 09:42:20,392 ｜ DEBUG ｜ mysql_helpers.py ｜ search_by_milvus_ids ｜ 94 ｜ MYSQL search by milvus id.
2023-06-28 09:42:20,392 ｜ INFO ｜ remain.py ｜ do_get_question_api ｜ 68 ｜ Successfully searched similar images!
2023-06-28 09:45:21,962 ｜ DEBUG ｜ milvus_helpers.py ｜ search_vectors ｜ 102 ｜ Successfully search in collection: ["['(distance: 0.8390592336654663, id: 440902148240704084)', '(distance: 0.6728834509849548, id: 440902148240704141)', '(distance: 0.671095073223114, id: 440902148240704179)', '(distance: 0.6702864170074463, id: 440902148240704146)', '(distance: 0.6685686111450195, id: 440902148240704197)', '(distance: 0.6572592258453369, id: 440902148240704177)', '(distance: 0.6532939672470093, id: 440902148240704110)', '(distance: 0.6462205648422241, id: 440902148240704101)', '(distance: 0.6449927091598511, id: 440902148240704145)', '(distance: 0.6428173184394836, id: 440902148240704175)']"]
2023-06-28 09:45:21,964 ｜ DEBUG ｜ mysql_helpers.py ｜ search_by_milvus_ids ｜ 94 ｜ MYSQL search by milvus id.
2023-06-28 09:45:21,964 ｜ INFO ｜ remain.py ｜ do_get_question_api ｜ 68 ｜ Successfully searched similar images!
2023-06-28 10:12:17,685 ｜ DEBUG ｜ milvus_helpers.py ｜ search_vectors ｜ 102 ｜ Successfully search in collection: ["['(distance: 0.8459291458129883, id: 440902148240704084)', '(distance: 0.6759839653968811, id: 440902148240704141)', '(distance: 0.6704837083816528, id: 440902148240704197)', '(distance: 0.6695296764373779, id: 440902148240704179)', '(distance: 0.6673609018325806, id: 440902148240704146)', '(distance: 0.6547610759735107, id: 440902148240704177)', '(distance: 0.6470232605934143, id: 440902148240704110)', '(distance: 0.6358129978179932, id: 440902148240704157)', '(distance: 0.6355254650115967, id: 440902148240704101)', '(distance: 0.6330863237380981, id: 440902148240704144)']"]
2023-06-28 10:12:17,686 ｜ DEBUG ｜ mysql_helpers.py ｜ search_by_milvus_id_for_answer ｜ 64 ｜ MYSQL search by milvus id.
2023-06-28 10:12:17,687 ｜ DEBUG ｜ mysql_helpers.py ｜ search_by_milvus_ids ｜ 94 ｜ MYSQL search by milvus id.
2023-06-28 10:12:17,688 ｜ DEBUG ｜ mysql_helpers.py ｜ search_by_milvus_id_for_pic ｜ 79 ｜ MYSQL search by milvus id.
2023-06-28 10:12:17,739 ｜ DEBUG ｜ milvus_helpers.py ｜ search_vectors ｜ 102 ｜ Successfully search in collection: ["['(distance: 0.8459291458129883, id: 440902148240704084)', '(distance: 0.6759839653968811, id: 440902148240704141)', '(distance: 0.6704837083816528, id: 440902148240704197)', '(distance: 0.6695296764373779, id: 440902148240704179)', '(distance: 0.6673609018325806, id: 440902148240704146)', '(distance: 0.6547610759735107, id: 440902148240704177)', '(distance: 0.6470232605934143, id: 440902148240704110)', '(distance: 0.6358129978179932, id: 440902148240704157)', '(distance: 0.6355254650115967, id: 440902148240704101)', '(distance: 0.6330863237380981, id: 440902148240704144)']"]
2023-06-28 10:12:17,740 ｜ DEBUG ｜ mysql_helpers.py ｜ search_by_milvus_ids ｜ 94 ｜ MYSQL search by milvus id.
2023-06-28 10:12:17,740 ｜ INFO ｜ remain.py ｜ do_get_question_api ｜ 68 ｜ Successfully searched similar images!
2023-06-28 10:15:49,490 ｜ DEBUG ｜ milvus_helpers.py ｜ search_vectors ｜ 102 ｜ Successfully search in collection: ["['(distance: 0.8459291458129883, id: 440902148240704084)', '(distance: 0.6759839653968811, id: 440902148240704141)', '(distance: 0.6704837083816528, id: 440902148240704197)', '(distance: 0.6695296764373779, id: 440902148240704179)', '(distance: 0.6673609018325806, id: 440902148240704146)', '(distance: 0.6547610759735107, id: 440902148240704177)', '(distance: 0.6470232605934143, id: 440902148240704110)', '(distance: 0.6358129978179932, id: 440902148240704157)', '(distance: 0.6355254650115967, id: 440902148240704101)', '(distance: 0.6330863237380981, id: 440902148240704144)']"]
2023-06-28 10:15:49,492 ｜ DEBUG ｜ mysql_helpers.py ｜ search_by_milvus_ids ｜ 94 ｜ MYSQL search by milvus id.
2023-06-28 10:15:49,492 ｜ INFO ｜ remain.py ｜ do_get_question_api ｜ 68 ｜ Successfully searched similar images!
2023-06-28 10:16:07,304 ｜ DEBUG ｜ milvus_helpers.py ｜ search_vectors ｜ 102 ｜ Successfully search in collection: ["['(distance: 0.8459291458129883, id: 440902148240704084)', '(distance: 0.6759839653968811, id: 440902148240704141)', '(distance: 0.6704837083816528, id: 440902148240704197)', '(distance: 0.6695296764373779, id: 440902148240704179)', '(distance: 0.6673609018325806, id: 440902148240704146)', '(distance: 0.6547610759735107, id: 440902148240704177)', '(distance: 0.6470232605934143, id: 440902148240704110)', '(distance: 0.6358129978179932, id: 440902148240704157)', '(distance: 0.6355254650115967, id: 440902148240704101)', '(distance: 0.6330863237380981, id: 440902148240704144)']"]
2023-06-28 10:16:07,305 ｜ DEBUG ｜ mysql_helpers.py ｜ search_by_milvus_id_for_answer ｜ 64 ｜ MYSQL search by milvus id.
2023-06-28 10:16:07,306 ｜ DEBUG ｜ mysql_helpers.py ｜ search_by_milvus_ids ｜ 94 ｜ MYSQL search by milvus id.
2023-06-28 10:16:07,307 ｜ DEBUG ｜ mysql_helpers.py ｜ search_by_milvus_id_for_pic ｜ 79 ｜ MYSQL search by milvus id.
2023-06-28 10:18:18,423 ｜ DEBUG ｜ milvus_helpers.py ｜ search_vectors ｜ 102 ｜ Successfully search in collection: ["['(distance: 0.8459291458129883, id: 440902148240704084)', '(distance: 0.6759839653968811, id: 440902148240704141)', '(distance: 0.6704837083816528, id: 440902148240704197)', '(distance: 0.6695296764373779, id: 440902148240704179)', '(distance: 0.6673609018325806, id: 440902148240704146)', '(distance: 0.6547610759735107, id: 440902148240704177)', '(distance: 0.6470232605934143, id: 440902148240704110)', '(distance: 0.6358129978179932, id: 440902148240704157)', '(distance: 0.6355254650115967, id: 440902148240704101)', '(distance: 0.6330863237380981, id: 440902148240704144)']"]
2023-06-28 10:18:18,425 ｜ DEBUG ｜ mysql_helpers.py ｜ search_by_milvus_id_for_answer ｜ 64 ｜ MYSQL search by milvus id.
2023-06-28 10:18:18,426 ｜ DEBUG ｜ mysql_helpers.py ｜ search_by_milvus_ids ｜ 94 ｜ MYSQL search by milvus id.
2023-06-28 10:18:18,427 ｜ DEBUG ｜ mysql_helpers.py ｜ search_by_milvus_id_for_pic ｜ 79 ｜ MYSQL search by milvus id.
2023-06-28 10:18:18,502 ｜ DEBUG ｜ milvus_helpers.py ｜ search_vectors ｜ 102 ｜ Successfully search in collection: ["['(distance: 0.8459291458129883, id: 440902148240704084)', '(distance: 0.6759839653968811, id: 440902148240704141)', '(distance: 0.6704837083816528, id: 440902148240704197)', '(distance: 0.6695296764373779, id: 440902148240704179)', '(distance: 0.6673609018325806, id: 440902148240704146)', '(distance: 0.6547610759735107, id: 440902148240704177)', '(distance: 0.6470232605934143, id: 440902148240704110)', '(distance: 0.6358129978179932, id: 440902148240704157)', '(distance: 0.6355254650115967, id: 440902148240704101)', '(distance: 0.6330863237380981, id: 440902148240704144)']"]
2023-06-28 10:18:18,503 ｜ DEBUG ｜ mysql_helpers.py ｜ search_by_milvus_ids ｜ 94 ｜ MYSQL search by milvus id.
2023-06-28 10:18:18,503 ｜ INFO ｜ remain.py ｜ do_get_question_api ｜ 68 ｜ Successfully searched similar images!
2023-06-28 10:19:11,936 ｜ DEBUG ｜ milvus_helpers.py ｜ search_vectors ｜ 102 ｜ Successfully search in collection: ["['(distance: 0.8459291458129883, id: 440902148240704084)', '(distance: 0.6759839653968811, id: 440902148240704141)', '(distance: 0.6704837083816528, id: 440902148240704197)', '(distance: 0.6695296764373779, id: 440902148240704179)', '(distance: 0.6673609018325806, id: 440902148240704146)', '(distance: 0.6547610759735107, id: 440902148240704177)', '(distance: 0.6470232605934143, id: 440902148240704110)', '(distance: 0.6358129978179932, id: 440902148240704157)', '(distance: 0.6355254650115967, id: 440902148240704101)', '(distance: 0.6330863237380981, id: 440902148240704144)']"]
2023-06-28 10:19:11,937 ｜ DEBUG ｜ mysql_helpers.py ｜ search_by_milvus_ids ｜ 94 ｜ MYSQL search by milvus id.
2023-06-28 10:19:11,938 ｜ INFO ｜ remain.py ｜ do_get_question_api ｜ 68 ｜ Successfully searched similar images!
2023-06-28 10:19:12,016 ｜ DEBUG ｜ milvus_helpers.py ｜ search_vectors ｜ 102 ｜ Successfully search in collection: ["['(distance: 0.8459291458129883, id: 440902148240704084)', '(distance: 0.6759839653968811, id: 440902148240704141)', '(distance: 0.6704837083816528, id: 440902148240704197)', '(distance: 0.6695296764373779, id: 440902148240704179)', '(distance: 0.6673609018325806, id: 440902148240704146)', '(distance: 0.6547610759735107, id: 440902148240704177)', '(distance: 0.6470232605934143, id: 440902148240704110)', '(distance: 0.6358129978179932, id: 440902148240704157)', '(distance: 0.6355254650115967, id: 440902148240704101)', '(distance: 0.6330863237380981, id: 440902148240704144)']"]
2023-06-28 10:19:12,018 ｜ DEBUG ｜ mysql_helpers.py ｜ search_by_milvus_id_for_answer ｜ 64 ｜ MYSQL search by milvus id.
2023-06-28 10:19:12,019 ｜ DEBUG ｜ mysql_helpers.py ｜ search_by_milvus_ids ｜ 94 ｜ MYSQL search by milvus id.
2023-06-28 10:19:12,019 ｜ DEBUG ｜ mysql_helpers.py ｜ search_by_milvus_id_for_pic ｜ 79 ｜ MYSQL search by milvus id.
2023-06-28 10:19:47,306 ｜ DEBUG ｜ milvus_helpers.py ｜ search_vectors ｜ 102 ｜ Successfully search in collection: ["['(distance: 0.8459291458129883, id: 440902148240704084)', '(distance: 0.6759839653968811, id: 440902148240704141)', '(distance: 0.6704837083816528, id: 440902148240704197)', '(distance: 0.6695296764373779, id: 440902148240704179)', '(distance: 0.6673609018325806, id: 440902148240704146)', '(distance: 0.6547610759735107, id: 440902148240704177)', '(distance: 0.6470232605934143, id: 440902148240704110)', '(distance: 0.6358129978179932, id: 440902148240704157)', '(distance: 0.6355254650115967, id: 440902148240704101)', '(distance: 0.6330863237380981, id: 440902148240704144)']"]
2023-06-28 10:19:47,308 ｜ DEBUG ｜ mysql_helpers.py ｜ search_by_milvus_id_for_answer ｜ 64 ｜ MYSQL search by milvus id.
2023-06-28 10:19:47,308 ｜ DEBUG ｜ mysql_helpers.py ｜ search_by_milvus_ids ｜ 94 ｜ MYSQL search by milvus id.
2023-06-28 10:19:47,309 ｜ DEBUG ｜ mysql_helpers.py ｜ search_by_milvus_id_for_pic ｜ 79 ｜ MYSQL search by milvus id.
2023-06-28 10:19:47,379 ｜ DEBUG ｜ milvus_helpers.py ｜ search_vectors ｜ 102 ｜ Successfully search in collection: ["['(distance: 0.8459291458129883, id: 440902148240704084)', '(distance: 0.6759839653968811, id: 440902148240704141)', '(distance: 0.6704837083816528, id: 440902148240704197)', '(distance: 0.6695296764373779, id: 440902148240704179)', '(distance: 0.6673609018325806, id: 440902148240704146)', '(distance: 0.6547610759735107, id: 440902148240704177)', '(distance: 0.6470232605934143, id: 440902148240704110)', '(distance: 0.6358129978179932, id: 440902148240704157)', '(distance: 0.6355254650115967, id: 440902148240704101)', '(distance: 0.6330863237380981, id: 440902148240704144)']"]
2023-06-28 10:19:47,380 ｜ DEBUG ｜ mysql_helpers.py ｜ search_by_milvus_ids ｜ 94 ｜ MYSQL search by milvus id.
2023-06-28 10:19:47,381 ｜ INFO ｜ remain.py ｜ do_get_question_api ｜ 68 ｜ Successfully searched similar images!
2023-06-28 10:20:37,935 ｜ INFO ｜ SentenceTransformer.py ｜ __init__ ｜ 41 ｜ Load pretrained SentenceTransformer: models/paraphrase-multilingual-mpnet-base-v2
2023-06-28 10:20:37,935 ｜ INFO ｜ SentenceTransformer.py ｜ __init__ ｜ 107 ｜ Load SentenceTransformer from folder: models/paraphrase-multilingual-mpnet-base-v2
2023-06-28 10:20:41,361 ｜ INFO ｜ SentenceTransformer.py ｜ __init__ ｜ 131 ｜ Use pytorch device: cpu
2023-06-28 10:20:41,366 ｜ DEBUG ｜ milvus_helpers.py ｜ __init__ ｜ 15 ｜ Successfully connect to Milvus with IP:('0.0.0.0',) and PORT:19530
2023-06-28 10:20:41,371 ｜ DEBUG ｜ selector_events.py ｜ __init__ ｜ 54 ｜ Using selector: EpollSelector
2023-06-28 10:20:53,605 ｜ DEBUG ｜ milvus_helpers.py ｜ search_vectors ｜ 102 ｜ Successfully search in collection: ["['(distance: 0.8459291458129883, id: 440902148240704084)', '(distance: 0.6759839653968811, id: 440902148240704141)', '(distance: 0.6704837083816528, id: 440902148240704197)', '(distance: 0.6695296764373779, id: 440902148240704179)', '(distance: 0.6673609018325806, id: 440902148240704146)', '(distance: 0.6547610759735107, id: 440902148240704177)', '(distance: 0.6470232605934143, id: 440902148240704110)', '(distance: 0.6358129978179932, id: 440902148240704157)', '(distance: 0.6355254650115967, id: 440902148240704101)', '(distance: 0.6330863237380981, id: 440902148240704144)']"]
2023-06-28 10:20:53,606 ｜ DEBUG ｜ mysql_helpers.py ｜ search_by_milvus_id_for_answer ｜ 64 ｜ MYSQL search by milvus id.
2023-06-28 10:20:53,607 ｜ DEBUG ｜ mysql_helpers.py ｜ search_by_milvus_ids ｜ 94 ｜ MYSQL search by milvus id.
2023-06-28 10:20:53,608 ｜ DEBUG ｜ mysql_helpers.py ｜ search_by_milvus_id_for_pic ｜ 79 ｜ MYSQL search by milvus id.
2023-06-28 10:20:53,683 ｜ DEBUG ｜ milvus_helpers.py ｜ search_vectors ｜ 102 ｜ Successfully search in collection: ["['(distance: 0.8459291458129883, id: 440902148240704084)', '(distance: 0.6759839653968811, id: 440902148240704141)', '(distance: 0.6704837083816528, id: 440902148240704197)', '(distance: 0.6695296764373779, id: 440902148240704179)', '(distance: 0.6673609018325806, id: 440902148240704146)']"]
2023-06-28 10:20:53,684 ｜ DEBUG ｜ mysql_helpers.py ｜ search_by_milvus_ids ｜ 94 ｜ MYSQL search by milvus id.
2023-06-28 10:20:53,685 ｜ INFO ｜ remain.py ｜ do_get_question_api ｜ 68 ｜ Successfully searched similar images!
2023-06-28 10:20:57,707 ｜ DEBUG ｜ milvus_helpers.py ｜ search_vectors ｜ 102 ｜ Successfully search in collection: ["['(distance: 0.8459291458129883, id: 440902148240704084)', '(distance: 0.6759839653968811, id: 440902148240704141)', '(distance: 0.6704837083816528, id: 440902148240704197)', '(distance: 0.6695296764373779, id: 440902148240704179)', '(distance: 0.6673609018325806, id: 440902148240704146)']"]
2023-06-28 10:20:57,708 ｜ DEBUG ｜ mysql_helpers.py ｜ search_by_milvus_ids ｜ 94 ｜ MYSQL search by milvus id.
2023-06-28 10:20:57,709 ｜ INFO ｜ remain.py ｜ do_get_question_api ｜ 68 ｜ Successfully searched similar images!
2023-06-28 10:21:43,986 ｜ DEBUG ｜ milvus_helpers.py ｜ search_vectors ｜ 102 ｜ Successfully search in collection: ["['(distance: 0.8459291458129883, id: 440902148240704084)', '(distance: 0.6759839653968811, id: 440902148240704141)', '(distance: 0.6704837083816528, id: 440902148240704197)', '(distance: 0.6695296764373779, id: 440902148240704179)', '(distance: 0.6673609018325806, id: 440902148240704146)']"]
2023-06-28 10:21:43,988 ｜ DEBUG ｜ mysql_helpers.py ｜ search_by_milvus_ids ｜ 94 ｜ MYSQL search by milvus id.
2023-06-28 10:21:43,988 ｜ INFO ｜ remain.py ｜ do_get_question_api ｜ 68 ｜ Successfully searched similar images!
2023-06-28 10:21:51,191 ｜ DEBUG ｜ milvus_helpers.py ｜ search_vectors ｜ 102 ｜ Successfully search in collection: ["['(distance: 0.8459291458129883, id: 440902148240704084)', '(distance: 0.6759839653968811, id: 440902148240704141)', '(distance: 0.6704837083816528, id: 440902148240704197)', '(distance: 0.6695296764373779, id: 440902148240704179)', '(distance: 0.6673609018325806, id: 440902148240704146)', '(distance: 0.6547610759735107, id: 440902148240704177)', '(distance: 0.6470232605934143, id: 440902148240704110)', '(distance: 0.6358129978179932, id: 440902148240704157)', '(distance: 0.6355254650115967, id: 440902148240704101)', '(distance: 0.6330863237380981, id: 440902148240704144)']"]
2023-06-28 10:21:51,192 ｜ DEBUG ｜ mysql_helpers.py ｜ search_by_milvus_id_for_answer ｜ 64 ｜ MYSQL search by milvus id.
2023-06-28 10:21:51,193 ｜ DEBUG ｜ mysql_helpers.py ｜ search_by_milvus_ids ｜ 94 ｜ MYSQL search by milvus id.
2023-06-28 10:21:51,194 ｜ DEBUG ｜ mysql_helpers.py ｜ search_by_milvus_id_for_pic ｜ 79 ｜ MYSQL search by milvus id.
2023-06-28 10:21:51,313 ｜ DEBUG ｜ milvus_helpers.py ｜ search_vectors ｜ 102 ｜ Successfully search in collection: ["['(distance: 0.8459291458129883, id: 440902148240704084)', '(distance: 0.6759839653968811, id: 440902148240704141)', '(distance: 0.6704837083816528, id: 440902148240704197)', '(distance: 0.6695296764373779, id: 440902148240704179)', '(distance: 0.6673609018325806, id: 440902148240704146)']"]
2023-06-28 10:21:51,314 ｜ DEBUG ｜ mysql_helpers.py ｜ search_by_milvus_ids ｜ 94 ｜ MYSQL search by milvus id.
2023-06-28 10:21:51,315 ｜ INFO ｜ remain.py ｜ do_get_question_api ｜ 68 ｜ Successfully searched similar images!
2023-06-28 10:21:57,837 ｜ DEBUG ｜ milvus_helpers.py ｜ search_vectors ｜ 102 ｜ Successfully search in collection: ["['(distance: 0.8459291458129883, id: 440902148240704084)', '(distance: 0.6759839653968811, id: 440902148240704141)', '(distance: 0.6704837083816528, id: 440902148240704197)', '(distance: 0.6695296764373779, id: 440902148240704179)', '(distance: 0.6673609018325806, id: 440902148240704146)']"]
2023-06-28 10:21:57,838 ｜ DEBUG ｜ mysql_helpers.py ｜ search_by_milvus_ids ｜ 94 ｜ MYSQL search by milvus id.
2023-06-28 10:21:57,838 ｜ INFO ｜ remain.py ｜ do_get_question_api ｜ 68 ｜ Successfully searched similar images!
2023-06-28 10:21:57,889 ｜ DEBUG ｜ milvus_helpers.py ｜ search_vectors ｜ 102 ｜ Successfully search in collection: ["['(distance: 0.8459291458129883, id: 440902148240704084)', '(distance: 0.6759839653968811, id: 440902148240704141)', '(distance: 0.6704837083816528, id: 440902148240704197)', '(distance: 0.6695296764373779, id: 440902148240704179)', '(distance: 0.6673609018325806, id: 440902148240704146)', '(distance: 0.6547610759735107, id: 440902148240704177)', '(distance: 0.6470232605934143, id: 440902148240704110)', '(distance: 0.6358129978179932, id: 440902148240704157)', '(distance: 0.6355254650115967, id: 440902148240704101)', '(distance: 0.6330863237380981, id: 440902148240704144)']"]
2023-06-28 10:21:57,891 ｜ DEBUG ｜ mysql_helpers.py ｜ search_by_milvus_id_for_answer ｜ 64 ｜ MYSQL search by milvus id.
2023-06-28 10:21:57,891 ｜ DEBUG ｜ mysql_helpers.py ｜ search_by_milvus_ids ｜ 94 ｜ MYSQL search by milvus id.
2023-06-28 10:21:57,892 ｜ DEBUG ｜ mysql_helpers.py ｜ search_by_milvus_id_for_pic ｜ 79 ｜ MYSQL search by milvus id.
2023-06-28 10:23:56,388 ｜ INFO ｜ SentenceTransformer.py ｜ __init__ ｜ 41 ｜ Load pretrained SentenceTransformer: models/paraphrase-multilingual-mpnet-base-v2
2023-06-28 10:23:56,388 ｜ INFO ｜ SentenceTransformer.py ｜ __init__ ｜ 107 ｜ Load SentenceTransformer from folder: models/paraphrase-multilingual-mpnet-base-v2
2023-06-28 10:23:59,809 ｜ INFO ｜ SentenceTransformer.py ｜ __init__ ｜ 131 ｜ Use pytorch device: cpu
2023-06-28 10:23:59,813 ｜ DEBUG ｜ milvus_helpers.py ｜ __init__ ｜ 15 ｜ Successfully connect to Milvus with IP:('0.0.0.0',) and PORT:19530
2023-06-28 10:23:59,818 ｜ DEBUG ｜ selector_events.py ｜ __init__ ｜ 54 ｜ Using selector: EpollSelector
2023-06-28 10:24:29,660 ｜ DEBUG ｜ milvus_helpers.py ｜ search_vectors ｜ 102 ｜ Successfully search in collection: ["['(distance: 0.8459291458129883, id: 440902148240704084)', '(distance: 0.6759839653968811, id: 440902148240704141)', '(distance: 0.6704837083816528, id: 440902148240704197)', '(distance: 0.6695296764373779, id: 440902148240704179)', '(distance: 0.6673609018325806, id: 440902148240704146)', '(distance: 0.6547610759735107, id: 440902148240704177)', '(distance: 0.6470232605934143, id: 440902148240704110)', '(distance: 0.6358129978179932, id: 440902148240704157)', '(distance: 0.6355254650115967, id: 440902148240704101)', '(distance: 0.6330863237380981, id: 440902148240704144)']"]
2023-06-28 10:24:29,662 ｜ DEBUG ｜ mysql_helpers.py ｜ search_by_milvus_id_for_answer ｜ 64 ｜ MYSQL search by milvus id.
2023-06-28 10:24:29,662 ｜ DEBUG ｜ mysql_helpers.py ｜ search_by_milvus_ids ｜ 94 ｜ MYSQL search by milvus id.
2023-06-28 10:24:29,663 ｜ DEBUG ｜ mysql_helpers.py ｜ search_by_milvus_id_for_pic ｜ 79 ｜ MYSQL search by milvus id.
2023-06-28 10:24:38,763 ｜ DEBUG ｜ milvus_helpers.py ｜ search_vectors ｜ 102 ｜ Successfully search in collection: ["['(distance: 0.8459291458129883, id: 440902148240704084)', '(distance: 0.6759839653968811, id: 440902148240704141)', '(distance: 0.6704837083816528, id: 440902148240704197)', '(distance: 0.6695296764373779, id: 440902148240704179)', '(distance: 0.6673609018325806, id: 440902148240704146)']"]
2023-06-28 10:24:38,764 ｜ DEBUG ｜ mysql_helpers.py ｜ search_by_milvus_ids ｜ 94 ｜ MYSQL search by milvus id.
2023-06-28 10:24:38,765 ｜ INFO ｜ remain.py ｜ do_get_question_api ｜ 68 ｜ Successfully searched similar images!
2023-06-28 10:25:17,656 ｜ INFO ｜ SentenceTransformer.py ｜ __init__ ｜ 41 ｜ Load pretrained SentenceTransformer: models/paraphrase-multilingual-mpnet-base-v2
2023-06-28 10:25:17,656 ｜ INFO ｜ SentenceTransformer.py ｜ __init__ ｜ 107 ｜ Load SentenceTransformer from folder: models/paraphrase-multilingual-mpnet-base-v2
2023-06-28 10:25:21,184 ｜ INFO ｜ SentenceTransformer.py ｜ __init__ ｜ 131 ｜ Use pytorch device: cpu
2023-06-28 10:25:21,189 ｜ DEBUG ｜ milvus_helpers.py ｜ __init__ ｜ 15 ｜ Successfully connect to Milvus with IP:('0.0.0.0',) and PORT:19530
2023-06-28 10:25:21,193 ｜ DEBUG ｜ selector_events.py ｜ __init__ ｜ 54 ｜ Using selector: EpollSelector
2023-06-28 10:25:29,874 ｜ DEBUG ｜ milvus_helpers.py ｜ search_vectors ｜ 102 ｜ Successfully search in collection: ["['(distance: 0.8459291458129883, id: 440902148240704084)', '(distance: 0.6759839653968811, id: 440902148240704141)', '(distance: 0.6704837083816528, id: 440902148240704197)', '(distance: 0.6695296764373779, id: 440902148240704179)', '(distance: 0.6673609018325806, id: 440902148240704146)']"]
2023-06-28 10:25:29,875 ｜ DEBUG ｜ mysql_helpers.py ｜ search_by_milvus_ids ｜ 94 ｜ MYSQL search by milvus id.
2023-06-28 10:25:29,875 ｜ INFO ｜ remain.py ｜ do_get_question_api ｜ 68 ｜ Successfully searched similar images!
2023-06-28 10:25:47,807 ｜ INFO ｜ SentenceTransformer.py ｜ __init__ ｜ 41 ｜ Load pretrained SentenceTransformer: models/paraphrase-multilingual-mpnet-base-v2
2023-06-28 10:25:47,807 ｜ INFO ｜ SentenceTransformer.py ｜ __init__ ｜ 107 ｜ Load SentenceTransformer from folder: models/paraphrase-multilingual-mpnet-base-v2
2023-06-28 10:25:51,236 ｜ INFO ｜ SentenceTransformer.py ｜ __init__ ｜ 131 ｜ Use pytorch device: cpu
2023-06-28 10:25:51,240 ｜ DEBUG ｜ milvus_helpers.py ｜ __init__ ｜ 15 ｜ Successfully connect to Milvus with IP:('0.0.0.0',) and PORT:19530
2023-06-28 10:25:51,245 ｜ DEBUG ｜ selector_events.py ｜ __init__ ｜ 54 ｜ Using selector: EpollSelector
2023-06-28 10:26:03,335 ｜ DEBUG ｜ milvus_helpers.py ｜ search_vectors ｜ 102 ｜ Successfully search in collection: ["['(distance: 0.8459291458129883, id: 440902148240704084)', '(distance: 0.6759839653968811, id: 440902148240704141)', '(distance: 0.6704837083816528, id: 440902148240704197)', '(distance: 0.6695296764373779, id: 440902148240704179)', '(distance: 0.6673609018325806, id: 440902148240704146)']"]
2023-06-28 10:26:03,336 ｜ DEBUG ｜ mysql_helpers.py ｜ search_by_milvus_ids ｜ 94 ｜ MYSQL search by milvus id.
2023-06-28 10:26:03,336 ｜ INFO ｜ remain.py ｜ do_get_question_api ｜ 68 ｜ Successfully searched similar images!
2023-06-28 10:26:37,625 ｜ INFO ｜ SentenceTransformer.py ｜ __init__ ｜ 41 ｜ Load pretrained SentenceTransformer: models/paraphrase-multilingual-mpnet-base-v2
2023-06-28 10:26:37,625 ｜ INFO ｜ SentenceTransformer.py ｜ __init__ ｜ 107 ｜ Load SentenceTransformer from folder: models/paraphrase-multilingual-mpnet-base-v2
2023-06-28 10:26:41,158 ｜ INFO ｜ SentenceTransformer.py ｜ __init__ ｜ 131 ｜ Use pytorch device: cpu
2023-06-28 10:26:41,163 ｜ DEBUG ｜ milvus_helpers.py ｜ __init__ ｜ 15 ｜ Successfully connect to Milvus with IP:('0.0.0.0',) and PORT:19530
2023-06-28 10:26:41,167 ｜ DEBUG ｜ selector_events.py ｜ __init__ ｜ 54 ｜ Using selector: EpollSelector
2023-06-28 10:26:46,990 ｜ DEBUG ｜ milvus_helpers.py ｜ search_vectors ｜ 102 ｜ Successfully search in collection: ["['(distance: 0.8459291458129883, id: 440902148240704084)', '(distance: 0.6759839653968811, id: 440902148240704141)', '(distance: 0.6704837083816528, id: 440902148240704197)', '(distance: 0.6695296764373779, id: 440902148240704179)', '(distance: 0.6673609018325806, id: 440902148240704146)']"]
2023-06-28 10:26:46,992 ｜ DEBUG ｜ mysql_helpers.py ｜ search_by_milvus_ids ｜ 94 ｜ MYSQL search by milvus id.
2023-06-28 10:26:46,992 ｜ INFO ｜ remain.py ｜ do_get_question_api ｜ 68 ｜ Successfully searched similar images!
2023-06-28 10:27:12,675 ｜ DEBUG ｜ milvus_helpers.py ｜ search_vectors ｜ 102 ｜ Successfully search in collection: ["['(distance: 0.8459291458129883, id: 440902148240704084)', '(distance: 0.6759839653968811, id: 440902148240704141)', '(distance: 0.6704837083816528, id: 440902148240704197)', '(distance: 0.6695296764373779, id: 440902148240704179)', '(distance: 0.6673609018325806, id: 440902148240704146)', '(distance: 0.6547610759735107, id: 440902148240704177)', '(distance: 0.6470232605934143, id: 440902148240704110)', '(distance: 0.6358129978179932, id: 440902148240704157)', '(distance: 0.6355254650115967, id: 440902148240704101)', '(distance: 0.6330863237380981, id: 440902148240704144)']"]
2023-06-28 10:27:12,677 ｜ DEBUG ｜ mysql_helpers.py ｜ search_by_milvus_id_for_answer ｜ 64 ｜ MYSQL search by milvus id.
2023-06-28 10:27:12,678 ｜ DEBUG ｜ mysql_helpers.py ｜ search_by_milvus_ids ｜ 94 ｜ MYSQL search by milvus id.
2023-06-28 10:27:12,678 ｜ DEBUG ｜ mysql_helpers.py ｜ search_by_milvus_id_for_pic ｜ 79 ｜ MYSQL search by milvus id.
2023-06-28 10:27:12,749 ｜ DEBUG ｜ milvus_helpers.py ｜ search_vectors ｜ 102 ｜ Successfully search in collection: ["['(distance: 0.8459291458129883, id: 440902148240704084)', '(distance: 0.6759839653968811, id: 440902148240704141)', '(distance: 0.6704837083816528, id: 440902148240704197)', '(distance: 0.6695296764373779, id: 440902148240704179)', '(distance: 0.6673609018325806, id: 440902148240704146)']"]
2023-06-28 10:27:12,750 ｜ DEBUG ｜ mysql_helpers.py ｜ search_by_milvus_ids ｜ 94 ｜ MYSQL search by milvus id.
2023-06-28 10:27:12,750 ｜ INFO ｜ remain.py ｜ do_get_question_api ｜ 68 ｜ Successfully searched similar images!
2023-06-28 10:27:59,889 ｜ INFO ｜ SentenceTransformer.py ｜ __init__ ｜ 41 ｜ Load pretrained SentenceTransformer: models/paraphrase-multilingual-mpnet-base-v2
2023-06-28 10:27:59,890 ｜ INFO ｜ SentenceTransformer.py ｜ __init__ ｜ 107 ｜ Load SentenceTransformer from folder: models/paraphrase-multilingual-mpnet-base-v2
2023-06-28 10:28:03,605 ｜ INFO ｜ SentenceTransformer.py ｜ __init__ ｜ 131 ｜ Use pytorch device: cpu
2023-06-28 10:28:03,609 ｜ DEBUG ｜ milvus_helpers.py ｜ __init__ ｜ 15 ｜ Successfully connect to Milvus with IP:('0.0.0.0',) and PORT:19530
2023-06-28 10:28:03,614 ｜ DEBUG ｜ selector_events.py ｜ __init__ ｜ 54 ｜ Using selector: EpollSelector
2023-06-28 10:28:06,169 ｜ DEBUG ｜ milvus_helpers.py ｜ search_vectors ｜ 102 ｜ Successfully search in collection: ["['(distance: 0.8459291458129883, id: 440902148240704084)', '(distance: 0.6759839653968811, id: 440902148240704141)', '(distance: 0.6704837083816528, id: 440902148240704197)', '(distance: 0.6695296764373779, id: 440902148240704179)', '(distance: 0.6673609018325806, id: 440902148240704146)', '(distance: 0.6547610759735107, id: 440902148240704177)', '(distance: 0.6470232605934143, id: 440902148240704110)', '(distance: 0.6358129978179932, id: 440902148240704157)', '(distance: 0.6355254650115967, id: 440902148240704101)', '(distance: 0.6330863237380981, id: 440902148240704144)']"]
2023-06-28 10:28:06,170 ｜ DEBUG ｜ mysql_helpers.py ｜ search_by_milvus_id_for_answer ｜ 64 ｜ MYSQL search by milvus id.
2023-06-28 10:28:06,171 ｜ DEBUG ｜ mysql_helpers.py ｜ search_by_milvus_ids ｜ 94 ｜ MYSQL search by milvus id.
2023-06-28 10:28:06,172 ｜ DEBUG ｜ mysql_helpers.py ｜ search_by_milvus_id_for_pic ｜ 79 ｜ MYSQL search by milvus id.
2023-06-28 10:28:06,225 ｜ DEBUG ｜ milvus_helpers.py ｜ search_vectors ｜ 102 ｜ Successfully search in collection: ["['(distance: 0.8459291458129883, id: 440902148240704084)', '(distance: 0.6759839653968811, id: 440902148240704141)', '(distance: 0.6704837083816528, id: 440902148240704197)', '(distance: 0.6695296764373779, id: 440902148240704179)', '(distance: 0.6673609018325806, id: 440902148240704146)']"]
2023-06-28 10:28:06,226 ｜ DEBUG ｜ mysql_helpers.py ｜ search_by_milvus_ids ｜ 94 ｜ MYSQL search by milvus id.
2023-06-28 10:28:06,226 ｜ INFO ｜ remain.py ｜ do_get_question_api ｜ 68 ｜ Successfully searched similar images!
2023-06-28 10:33:18,075 ｜ DEBUG ｜ milvus_helpers.py ｜ search_vectors ｜ 102 ｜ Successfully search in collection: ["['(distance: 0.9999999403953552, id: 440902148240704146)', '(distance: 0.7232956886291504, id: 440902148240704162)', '(distance: 0.6948323249816895, id: 440902148240704086)', '(distance: 0.6940672993659973, id: 440902148240704169)', '(distance: 0.6896194219589233, id: 440902148240704084)', '(distance: 0.6892805099487305, id: 440902148240704139)', '(distance: 0.6803132891654968, id: 440902148240704083)', '(distance: 0.6802201271057129, id: 440902148240704131)', '(distance: 0.6728066205978394, id: 440902148240704141)', '(distance: 0.6633886098861694, id: 440902148240704101)']"]
2023-06-28 10:33:18,077 ｜ DEBUG ｜ mysql_helpers.py ｜ search_by_milvus_id_for_answer ｜ 64 ｜ MYSQL search by milvus id.
2023-06-28 10:33:18,078 ｜ DEBUG ｜ mysql_helpers.py ｜ search_by_milvus_ids ｜ 94 ｜ MYSQL search by milvus id.
2023-06-28 10:33:18,078 ｜ DEBUG ｜ mysql_helpers.py ｜ search_by_milvus_id_for_pic ｜ 79 ｜ MYSQL search by milvus id.
2023-06-28 10:33:18,147 ｜ DEBUG ｜ milvus_helpers.py ｜ search_vectors ｜ 102 ｜ Successfully search in collection: ["['(distance: 0.9999999403953552, id: 440902148240704146)', '(distance: 0.7232956886291504, id: 440902148240704162)', '(distance: 0.6948323249816895, id: 440902148240704086)', '(distance: 0.6940672993659973, id: 440902148240704169)', '(distance: 0.6896194219589233, id: 440902148240704084)']"]
2023-06-28 10:33:18,148 ｜ DEBUG ｜ mysql_helpers.py ｜ search_by_milvus_ids ｜ 94 ｜ MYSQL search by milvus id.
2023-06-28 10:33:18,148 ｜ INFO ｜ remain.py ｜ do_get_question_api ｜ 68 ｜ Successfully searched similar images!
2023-06-28 10:33:26,060 ｜ DEBUG ｜ milvus_helpers.py ｜ search_vectors ｜ 102 ｜ Successfully search in collection: ["['(distance: 0.9999999403953552, id: 440902148240704146)', '(distance: 0.7232956886291504, id: 440902148240704162)', '(distance: 0.6948323249816895, id: 440902148240704086)', '(distance: 0.6940672993659973, id: 440902148240704169)', '(distance: 0.6896194219589233, id: 440902148240704084)', '(distance: 0.6892805099487305, id: 440902148240704139)', '(distance: 0.6803132891654968, id: 440902148240704083)', '(distance: 0.6802201271057129, id: 440902148240704131)', '(distance: 0.6728066205978394, id: 440902148240704141)', '(distance: 0.6633886098861694, id: 440902148240704101)']"]
2023-06-28 10:33:26,062 ｜ DEBUG ｜ mysql_helpers.py ｜ search_by_milvus_id_for_answer ｜ 64 ｜ MYSQL search by milvus id.
2023-06-28 10:33:26,062 ｜ DEBUG ｜ mysql_helpers.py ｜ search_by_milvus_ids ｜ 94 ｜ MYSQL search by milvus id.
2023-06-28 10:33:26,063 ｜ DEBUG ｜ mysql_helpers.py ｜ search_by_milvus_id_for_pic ｜ 79 ｜ MYSQL search by milvus id.
2023-06-28 10:33:26,125 ｜ DEBUG ｜ milvus_helpers.py ｜ search_vectors ｜ 102 ｜ Successfully search in collection: ["['(distance: 0.9999999403953552, id: 440902148240704146)', '(distance: 0.7232956886291504, id: 440902148240704162)', '(distance: 0.6948323249816895, id: 440902148240704086)', '(distance: 0.6940672993659973, id: 440902148240704169)', '(distance: 0.6896194219589233, id: 440902148240704084)']"]
2023-06-28 10:33:26,126 ｜ DEBUG ｜ mysql_helpers.py ｜ search_by_milvus_ids ｜ 94 ｜ MYSQL search by milvus id.
2023-06-28 10:33:26,126 ｜ INFO ｜ remain.py ｜ do_get_question_api ｜ 68 ｜ Successfully searched similar images!
2023-06-28 10:35:39,105 ｜ DEBUG ｜ milvus_helpers.py ｜ search_vectors ｜ 102 ｜ Successfully search in collection: ["['(distance: 0.9999999403953552, id: 440902148240704146)', '(distance: 0.7232956886291504, id: 440902148240704162)', '(distance: 0.6948323249816895, id: 440902148240704086)', '(distance: 0.6940672993659973, id: 440902148240704169)', '(distance: 0.6896194219589233, id: 440902148240704084)', '(distance: 0.6892805099487305, id: 440902148240704139)', '(distance: 0.6803132891654968, id: 440902148240704083)', '(distance: 0.6802201271057129, id: 440902148240704131)', '(distance: 0.6728066205978394, id: 440902148240704141)', '(distance: 0.6633886098861694, id: 440902148240704101)']"]
2023-06-28 10:35:39,106 ｜ DEBUG ｜ mysql_helpers.py ｜ search_by_milvus_id_for_answer ｜ 64 ｜ MYSQL search by milvus id.
2023-06-28 10:35:39,107 ｜ DEBUG ｜ mysql_helpers.py ｜ search_by_milvus_ids ｜ 94 ｜ MYSQL search by milvus id.
2023-06-28 10:35:39,108 ｜ DEBUG ｜ mysql_helpers.py ｜ search_by_milvus_id_for_pic ｜ 79 ｜ MYSQL search by milvus id.
2023-06-28 10:35:39,175 ｜ DEBUG ｜ milvus_helpers.py ｜ search_vectors ｜ 102 ｜ Successfully search in collection: ["['(distance: 0.9999999403953552, id: 440902148240704146)', '(distance: 0.7232956886291504, id: 440902148240704162)', '(distance: 0.6948323249816895, id: 440902148240704086)', '(distance: 0.6940672993659973, id: 440902148240704169)', '(distance: 0.6896194219589233, id: 440902148240704084)']"]
2023-06-28 10:35:39,177 ｜ DEBUG ｜ mysql_helpers.py ｜ search_by_milvus_ids ｜ 94 ｜ MYSQL search by milvus id.
2023-06-28 10:35:39,177 ｜ INFO ｜ remain.py ｜ do_get_question_api ｜ 68 ｜ Successfully searched similar images!
2023-06-28 10:37:25,300 ｜ DEBUG ｜ milvus_helpers.py ｜ search_vectors ｜ 102 ｜ Successfully search in collection: ["['(distance: 0.8455768823623657, id: 440902148240704084)', '(distance: 0.69383704662323, id: 440902148240704175)', '(distance: 0.6661520600318909, id: 440902148240704179)', '(distance: 0.6616390943527222, id: 440902148240704144)', '(distance: 0.6500519514083862, id: 440902148240704197)', '(distance: 0.6431141495704651, id: 440902148240704178)', '(distance: 0.6415388584136963, id: 440902148240704145)', '(distance: 0.6302099823951721, id: 440902148240704141)', '(distance: 0.6268199682235718, id: 440902148240704146)', '(distance: 0.6236066818237305, id: 440902148240704157)']"]
2023-06-28 10:37:25,301 ｜ DEBUG ｜ mysql_helpers.py ｜ search_by_milvus_id_for_answer ｜ 64 ｜ MYSQL search by milvus id.
2023-06-28 10:37:25,302 ｜ DEBUG ｜ mysql_helpers.py ｜ search_by_milvus_ids ｜ 94 ｜ MYSQL search by milvus id.
2023-06-28 10:37:25,303 ｜ DEBUG ｜ mysql_helpers.py ｜ search_by_milvus_id_for_pic ｜ 79 ｜ MYSQL search by milvus id.
2023-06-28 10:37:25,351 ｜ DEBUG ｜ milvus_helpers.py ｜ search_vectors ｜ 102 ｜ Successfully search in collection: ["['(distance: 0.8455768823623657, id: 440902148240704084)', '(distance: 0.69383704662323, id: 440902148240704175)', '(distance: 0.6661520600318909, id: 440902148240704179)', '(distance: 0.6616390943527222, id: 440902148240704144)', '(distance: 0.6500519514083862, id: 440902148240704197)']"]
2023-06-28 10:37:25,352 ｜ DEBUG ｜ mysql_helpers.py ｜ search_by_milvus_ids ｜ 94 ｜ MYSQL search by milvus id.
2023-06-28 10:37:25,352 ｜ INFO ｜ remain.py ｜ do_get_question_api ｜ 68 ｜ Successfully searched similar images!
2023-06-28 10:37:54,944 ｜ DEBUG ｜ milvus_helpers.py ｜ search_vectors ｜ 102 ｜ Successfully search in collection: ["['(distance: 0.8455768823623657, id: 440902148240704084)', '(distance: 0.69383704662323, id: 440902148240704175)', '(distance: 0.6661520600318909, id: 440902148240704179)', '(distance: 0.6616390943527222, id: 440902148240704144)', '(distance: 0.6500519514083862, id: 440902148240704197)', '(distance: 0.6431141495704651, id: 440902148240704178)', '(distance: 0.6415388584136963, id: 440902148240704145)', '(distance: 0.6302099823951721, id: 440902148240704141)', '(distance: 0.6268199682235718, id: 440902148240704146)', '(distance: 0.6236066818237305, id: 440902148240704157)']"]
2023-06-28 10:37:54,945 ｜ DEBUG ｜ mysql_helpers.py ｜ search_by_milvus_id_for_answer ｜ 64 ｜ MYSQL search by milvus id.
2023-06-28 10:37:54,946 ｜ DEBUG ｜ mysql_helpers.py ｜ search_by_milvus_ids ｜ 94 ｜ MYSQL search by milvus id.
2023-06-28 10:37:54,947 ｜ DEBUG ｜ mysql_helpers.py ｜ search_by_milvus_id_for_pic ｜ 79 ｜ MYSQL search by milvus id.
2023-06-28 10:37:55,011 ｜ DEBUG ｜ milvus_helpers.py ｜ search_vectors ｜ 102 ｜ Successfully search in collection: ["['(distance: 0.8455768823623657, id: 440902148240704084)', '(distance: 0.69383704662323, id: 440902148240704175)', '(distance: 0.6661520600318909, id: 440902148240704179)', '(distance: 0.6616390943527222, id: 440902148240704144)', '(distance: 0.6500519514083862, id: 440902148240704197)']"]
2023-06-28 10:37:55,012 ｜ DEBUG ｜ mysql_helpers.py ｜ search_by_milvus_ids ｜ 94 ｜ MYSQL search by milvus id.
2023-06-28 10:37:55,012 ｜ INFO ｜ remain.py ｜ do_get_question_api ｜ 68 ｜ Successfully searched similar images!
2023-06-28 10:38:10,053 ｜ DEBUG ｜ milvus_helpers.py ｜ search_vectors ｜ 102 ｜ Successfully search in collection: ["['(distance: 0.8455768823623657, id: 440902148240704084)', '(distance: 0.69383704662323, id: 440902148240704175)', '(distance: 0.6661520600318909, id: 440902148240704179)', '(distance: 0.6616390943527222, id: 440902148240704144)', '(distance: 0.6500519514083862, id: 440902148240704197)']"]
2023-06-28 10:38:10,054 ｜ DEBUG ｜ mysql_helpers.py ｜ search_by_milvus_ids ｜ 94 ｜ MYSQL search by milvus id.
2023-06-28 10:38:10,054 ｜ INFO ｜ remain.py ｜ do_get_question_api ｜ 68 ｜ Successfully searched similar images!
2023-06-28 10:38:10,102 ｜ DEBUG ｜ milvus_helpers.py ｜ search_vectors ｜ 102 ｜ Successfully search in collection: ["['(distance: 0.8455768823623657, id: 440902148240704084)', '(distance: 0.69383704662323, id: 440902148240704175)', '(distance: 0.6661520600318909, id: 440902148240704179)', '(distance: 0.6616390943527222, id: 440902148240704144)', '(distance: 0.6500519514083862, id: 440902148240704197)', '(distance: 0.6431141495704651, id: 440902148240704178)', '(distance: 0.6415388584136963, id: 440902148240704145)', '(distance: 0.6302099823951721, id: 440902148240704141)', '(distance: 0.6268199682235718, id: 440902148240704146)', '(distance: 0.6236066818237305, id: 440902148240704157)']"]
2023-06-28 10:38:10,103 ｜ DEBUG ｜ mysql_helpers.py ｜ search_by_milvus_id_for_answer ｜ 64 ｜ MYSQL search by milvus id.
2023-06-28 10:38:10,104 ｜ DEBUG ｜ mysql_helpers.py ｜ search_by_milvus_ids ｜ 94 ｜ MYSQL search by milvus id.
2023-06-28 10:38:10,105 ｜ DEBUG ｜ mysql_helpers.py ｜ search_by_milvus_id_for_pic ｜ 79 ｜ MYSQL search by milvus id.
2023-06-28 10:38:46,547 ｜ DEBUG ｜ milvus_helpers.py ｜ search_vectors ｜ 102 ｜ Successfully search in collection: ["['(distance: 0.8455768823623657, id: 440902148240704084)', '(distance: 0.69383704662323, id: 440902148240704175)', '(distance: 0.6661520600318909, id: 440902148240704179)', '(distance: 0.6616390943527222, id: 440902148240704144)', '(distance: 0.6500519514083862, id: 440902148240704197)', '(distance: 0.6431141495704651, id: 440902148240704178)', '(distance: 0.6415388584136963, id: 440902148240704145)', '(distance: 0.6302099823951721, id: 440902148240704141)', '(distance: 0.6268199682235718, id: 440902148240704146)', '(distance: 0.6236066818237305, id: 440902148240704157)']"]
2023-06-28 10:38:46,549 ｜ DEBUG ｜ mysql_helpers.py ｜ search_by_milvus_id_for_answer ｜ 64 ｜ MYSQL search by milvus id.
2023-06-28 10:38:46,549 ｜ DEBUG ｜ mysql_helpers.py ｜ search_by_milvus_ids ｜ 94 ｜ MYSQL search by milvus id.
2023-06-28 10:38:46,550 ｜ DEBUG ｜ mysql_helpers.py ｜ search_by_milvus_id_for_pic ｜ 79 ｜ MYSQL search by milvus id.
2023-06-28 10:38:46,616 ｜ DEBUG ｜ milvus_helpers.py ｜ search_vectors ｜ 102 ｜ Successfully search in collection: ["['(distance: 0.8455768823623657, id: 440902148240704084)', '(distance: 0.69383704662323, id: 440902148240704175)', '(distance: 0.6661520600318909, id: 440902148240704179)', '(distance: 0.6616390943527222, id: 440902148240704144)', '(distance: 0.6500519514083862, id: 440902148240704197)']"]
2023-06-28 10:38:46,617 ｜ DEBUG ｜ mysql_helpers.py ｜ search_by_milvus_ids ｜ 94 ｜ MYSQL search by milvus id.
2023-06-28 10:38:46,617 ｜ INFO ｜ remain.py ｜ do_get_question_api ｜ 68 ｜ Successfully searched similar images!
2023-06-28 10:38:51,390 ｜ DEBUG ｜ milvus_helpers.py ｜ search_vectors ｜ 102 ｜ Successfully search in collection: ["['(distance: 0.8455768823623657, id: 440902148240704084)', '(distance: 0.69383704662323, id: 440902148240704175)', '(distance: 0.6661520600318909, id: 440902148240704179)', '(distance: 0.6616390943527222, id: 440902148240704144)', '(distance: 0.6500519514083862, id: 440902148240704197)']"]
2023-06-28 10:38:51,392 ｜ DEBUG ｜ mysql_helpers.py ｜ search_by_milvus_ids ｜ 94 ｜ MYSQL search by milvus id.
2023-06-28 10:38:51,392 ｜ INFO ｜ remain.py ｜ do_get_question_api ｜ 68 ｜ Successfully searched similar images!
2023-06-28 10:38:51,439 ｜ DEBUG ｜ milvus_helpers.py ｜ search_vectors ｜ 102 ｜ Successfully search in collection: ["['(distance: 0.8455768823623657, id: 440902148240704084)', '(distance: 0.69383704662323, id: 440902148240704175)', '(distance: 0.6661520600318909, id: 440902148240704179)', '(distance: 0.6616390943527222, id: 440902148240704144)', '(distance: 0.6500519514083862, id: 440902148240704197)', '(distance: 0.6431141495704651, id: 440902148240704178)', '(distance: 0.6415388584136963, id: 440902148240704145)', '(distance: 0.6302099823951721, id: 440902148240704141)', '(distance: 0.6268199682235718, id: 440902148240704146)', '(distance: 0.6236066818237305, id: 440902148240704157)']"]
2023-06-28 10:38:51,440 ｜ DEBUG ｜ mysql_helpers.py ｜ search_by_milvus_id_for_answer ｜ 64 ｜ MYSQL search by milvus id.
2023-06-28 10:38:51,441 ｜ DEBUG ｜ mysql_helpers.py ｜ search_by_milvus_ids ｜ 94 ｜ MYSQL search by milvus id.
2023-06-28 10:38:51,442 ｜ DEBUG ｜ mysql_helpers.py ｜ search_by_milvus_id_for_pic ｜ 79 ｜ MYSQL search by milvus id.
2023-06-28 10:38:56,794 ｜ DEBUG ｜ milvus_helpers.py ｜ search_vectors ｜ 102 ｜ Successfully search in collection: ["['(distance: 0.8455768823623657, id: 440902148240704084)', '(distance: 0.69383704662323, id: 440902148240704175)', '(distance: 0.6661520600318909, id: 440902148240704179)', '(distance: 0.6616390943527222, id: 440902148240704144)', '(distance: 0.6500519514083862, id: 440902148240704197)', '(distance: 0.6431141495704651, id: 440902148240704178)', '(distance: 0.6415388584136963, id: 440902148240704145)', '(distance: 0.6302099823951721, id: 440902148240704141)', '(distance: 0.6268199682235718, id: 440902148240704146)', '(distance: 0.6236066818237305, id: 440902148240704157)']"]
2023-06-28 10:38:56,795 ｜ DEBUG ｜ mysql_helpers.py ｜ search_by_milvus_id_for_answer ｜ 64 ｜ MYSQL search by milvus id.
2023-06-28 10:38:56,796 ｜ DEBUG ｜ mysql_helpers.py ｜ search_by_milvus_ids ｜ 94 ｜ MYSQL search by milvus id.
2023-06-28 10:38:56,797 ｜ DEBUG ｜ mysql_helpers.py ｜ search_by_milvus_id_for_pic ｜ 79 ｜ MYSQL search by milvus id.
2023-06-28 10:38:56,855 ｜ DEBUG ｜ milvus_helpers.py ｜ search_vectors ｜ 102 ｜ Successfully search in collection: ["['(distance: 0.8455768823623657, id: 440902148240704084)', '(distance: 0.69383704662323, id: 440902148240704175)', '(distance: 0.6661520600318909, id: 440902148240704179)', '(distance: 0.6616390943527222, id: 440902148240704144)', '(distance: 0.6500519514083862, id: 440902148240704197)']"]
2023-06-28 10:38:56,856 ｜ DEBUG ｜ mysql_helpers.py ｜ search_by_milvus_ids ｜ 94 ｜ MYSQL search by milvus id.
2023-06-28 10:38:56,856 ｜ INFO ｜ remain.py ｜ do_get_question_api ｜ 68 ｜ Successfully searched similar images!
2023-06-28 10:38:59,808 ｜ DEBUG ｜ milvus_helpers.py ｜ search_vectors ｜ 102 ｜ Successfully search in collection: ["['(distance: 0.8455768823623657, id: 440902148240704084)', '(distance: 0.69383704662323, id: 440902148240704175)', '(distance: 0.6661520600318909, id: 440902148240704179)', '(distance: 0.6616390943527222, id: 440902148240704144)', '(distance: 0.6500519514083862, id: 440902148240704197)']"]
2023-06-28 10:38:59,810 ｜ DEBUG ｜ mysql_helpers.py ｜ search_by_milvus_ids ｜ 94 ｜ MYSQL search by milvus id.
2023-06-28 10:38:59,810 ｜ INFO ｜ remain.py ｜ do_get_question_api ｜ 68 ｜ Successfully searched similar images!
2023-06-28 10:38:59,876 ｜ DEBUG ｜ milvus_helpers.py ｜ search_vectors ｜ 102 ｜ Successfully search in collection: ["['(distance: 0.8455768823623657, id: 440902148240704084)', '(distance: 0.69383704662323, id: 440902148240704175)', '(distance: 0.6661520600318909, id: 440902148240704179)', '(distance: 0.6616390943527222, id: 440902148240704144)', '(distance: 0.6500519514083862, id: 440902148240704197)', '(distance: 0.6431141495704651, id: 440902148240704178)', '(distance: 0.6415388584136963, id: 440902148240704145)', '(distance: 0.6302099823951721, id: 440902148240704141)', '(distance: 0.6268199682235718, id: 440902148240704146)', '(distance: 0.6236066818237305, id: 440902148240704157)']"]
2023-06-28 10:38:59,878 ｜ DEBUG ｜ mysql_helpers.py ｜ search_by_milvus_id_for_answer ｜ 64 ｜ MYSQL search by milvus id.
2023-06-28 10:38:59,878 ｜ DEBUG ｜ mysql_helpers.py ｜ search_by_milvus_ids ｜ 94 ｜ MYSQL search by milvus id.
2023-06-28 10:38:59,879 ｜ DEBUG ｜ mysql_helpers.py ｜ search_by_milvus_id_for_pic ｜ 79 ｜ MYSQL search by milvus id.
2023-06-28 10:39:03,394 ｜ DEBUG ｜ milvus_helpers.py ｜ search_vectors ｜ 102 ｜ Successfully search in collection: ["['(distance: 0.8455768823623657, id: 440902148240704084)', '(distance: 0.69383704662323, id: 440902148240704175)', '(distance: 0.6661520600318909, id: 440902148240704179)', '(distance: 0.6616390943527222, id: 440902148240704144)', '(distance: 0.6500519514083862, id: 440902148240704197)']"]
2023-06-28 10:39:03,395 ｜ DEBUG ｜ mysql_helpers.py ｜ search_by_milvus_ids ｜ 94 ｜ MYSQL search by milvus id.
2023-06-28 10:39:03,395 ｜ INFO ｜ remain.py ｜ do_get_question_api ｜ 68 ｜ Successfully searched similar images!
2023-06-28 10:39:03,462 ｜ DEBUG ｜ milvus_helpers.py ｜ search_vectors ｜ 102 ｜ Successfully search in collection: ["['(distance: 0.8455768823623657, id: 440902148240704084)', '(distance: 0.69383704662323, id: 440902148240704175)', '(distance: 0.6661520600318909, id: 440902148240704179)', '(distance: 0.6616390943527222, id: 440902148240704144)', '(distance: 0.6500519514083862, id: 440902148240704197)', '(distance: 0.6431141495704651, id: 440902148240704178)', '(distance: 0.6415388584136963, id: 440902148240704145)', '(distance: 0.6302099823951721, id: 440902148240704141)', '(distance: 0.6268199682235718, id: 440902148240704146)', '(distance: 0.6236066818237305, id: 440902148240704157)']"]
2023-06-28 10:39:03,464 ｜ DEBUG ｜ mysql_helpers.py ｜ search_by_milvus_id_for_answer ｜ 64 ｜ MYSQL search by milvus id.
2023-06-28 10:39:03,464 ｜ DEBUG ｜ mysql_helpers.py ｜ search_by_milvus_ids ｜ 94 ｜ MYSQL search by milvus id.
2023-06-28 10:39:03,465 ｜ DEBUG ｜ mysql_helpers.py ｜ search_by_milvus_id_for_pic ｜ 79 ｜ MYSQL search by milvus id.
2023-06-28 10:39:08,150 ｜ DEBUG ｜ milvus_helpers.py ｜ search_vectors ｜ 102 ｜ Successfully search in collection: ["['(distance: 0.8455768823623657, id: 440902148240704084)', '(distance: 0.69383704662323, id: 440902148240704175)', '(distance: 0.6661520600318909, id: 440902148240704179)', '(distance: 0.6616390943527222, id: 440902148240704144)', '(distance: 0.6500519514083862, id: 440902148240704197)', '(distance: 0.6431141495704651, id: 440902148240704178)', '(distance: 0.6415388584136963, id: 440902148240704145)', '(distance: 0.6302099823951721, id: 440902148240704141)', '(distance: 0.6268199682235718, id: 440902148240704146)', '(distance: 0.6236066818237305, id: 440902148240704157)']"]
2023-06-28 10:39:08,152 ｜ DEBUG ｜ mysql_helpers.py ｜ search_by_milvus_id_for_answer ｜ 64 ｜ MYSQL search by milvus id.
2023-06-28 10:39:08,153 ｜ DEBUG ｜ mysql_helpers.py ｜ search_by_milvus_ids ｜ 94 ｜ MYSQL search by milvus id.
2023-06-28 10:39:08,154 ｜ DEBUG ｜ mysql_helpers.py ｜ search_by_milvus_id_for_pic ｜ 79 ｜ MYSQL search by milvus id.
2023-06-28 10:39:08,222 ｜ DEBUG ｜ milvus_helpers.py ｜ search_vectors ｜ 102 ｜ Successfully search in collection: ["['(distance: 0.8455768823623657, id: 440902148240704084)', '(distance: 0.69383704662323, id: 440902148240704175)', '(distance: 0.6661520600318909, id: 440902148240704179)', '(distance: 0.6616390943527222, id: 440902148240704144)', '(distance: 0.6500519514083862, id: 440902148240704197)']"]
2023-06-28 10:39:08,223 ｜ DEBUG ｜ mysql_helpers.py ｜ search_by_milvus_ids ｜ 94 ｜ MYSQL search by milvus id.
2023-06-28 10:39:08,224 ｜ INFO ｜ remain.py ｜ do_get_question_api ｜ 68 ｜ Successfully searched similar images!
2023-06-28 10:42:07,711 ｜ DEBUG ｜ milvus_helpers.py ｜ search_vectors ｜ 102 ｜ Successfully search in collection: ["['(distance: 0.8455768823623657, id: 440902148240704084)', '(distance: 0.69383704662323, id: 440902148240704175)', '(distance: 0.6661520600318909, id: 440902148240704179)', '(distance: 0.6616390943527222, id: 440902148240704144)', '(distance: 0.6500519514083862, id: 440902148240704197)', '(distance: 0.6431141495704651, id: 440902148240704178)', '(distance: 0.6415388584136963, id: 440902148240704145)', '(distance: 0.6302099823951721, id: 440902148240704141)', '(distance: 0.6268199682235718, id: 440902148240704146)', '(distance: 0.6236066818237305, id: 440902148240704157)']"]
2023-06-28 10:42:07,712 ｜ DEBUG ｜ mysql_helpers.py ｜ search_by_milvus_id_for_answer ｜ 64 ｜ MYSQL search by milvus id.
2023-06-28 10:42:07,713 ｜ DEBUG ｜ mysql_helpers.py ｜ search_by_milvus_ids ｜ 94 ｜ MYSQL search by milvus id.
2023-06-28 10:42:07,714 ｜ DEBUG ｜ mysql_helpers.py ｜ search_by_milvus_id_for_pic ｜ 79 ｜ MYSQL search by milvus id.
2023-06-28 10:42:07,761 ｜ DEBUG ｜ milvus_helpers.py ｜ search_vectors ｜ 102 ｜ Successfully search in collection: ["['(distance: 0.8455768823623657, id: 440902148240704084)', '(distance: 0.69383704662323, id: 440902148240704175)', '(distance: 0.6661520600318909, id: 440902148240704179)', '(distance: 0.6616390943527222, id: 440902148240704144)', '(distance: 0.6500519514083862, id: 440902148240704197)']"]
2023-06-28 10:42:07,762 ｜ DEBUG ｜ mysql_helpers.py ｜ search_by_milvus_ids ｜ 94 ｜ MYSQL search by milvus id.
2023-06-28 10:42:07,763 ｜ INFO ｜ remain.py ｜ do_get_question_api ｜ 68 ｜ Successfully searched similar images!
2023-06-28 10:42:35,154 ｜ DEBUG ｜ milvus_helpers.py ｜ search_vectors ｜ 102 ｜ Successfully search in collection: ["['(distance: 0.8455768823623657, id: 440902148240704084)', '(distance: 0.69383704662323, id: 440902148240704175)', '(distance: 0.6661520600318909, id: 440902148240704179)', '(distance: 0.6616390943527222, id: 440902148240704144)', '(distance: 0.6500519514083862, id: 440902148240704197)']"]
2023-06-28 10:42:35,156 ｜ DEBUG ｜ mysql_helpers.py ｜ search_by_milvus_ids ｜ 94 ｜ MYSQL search by milvus id.
2023-06-28 10:42:35,156 ｜ INFO ｜ remain.py ｜ do_get_question_api ｜ 68 ｜ Successfully searched similar images!
2023-06-28 10:42:35,224 ｜ DEBUG ｜ milvus_helpers.py ｜ search_vectors ｜ 102 ｜ Successfully search in collection: ["['(distance: 0.8455768823623657, id: 440902148240704084)', '(distance: 0.69383704662323, id: 440902148240704175)', '(distance: 0.6661520600318909, id: 440902148240704179)', '(distance: 0.6616390943527222, id: 440902148240704144)', '(distance: 0.6500519514083862, id: 440902148240704197)', '(distance: 0.6431141495704651, id: 440902148240704178)', '(distance: 0.6415388584136963, id: 440902148240704145)', '(distance: 0.6302099823951721, id: 440902148240704141)', '(distance: 0.6268199682235718, id: 440902148240704146)', '(distance: 0.6236066818237305, id: 440902148240704157)']"]
2023-06-28 10:42:35,226 ｜ DEBUG ｜ mysql_helpers.py ｜ search_by_milvus_id_for_answer ｜ 64 ｜ MYSQL search by milvus id.
2023-06-28 10:42:35,227 ｜ DEBUG ｜ mysql_helpers.py ｜ search_by_milvus_ids ｜ 94 ｜ MYSQL search by milvus id.
2023-06-28 10:42:35,227 ｜ DEBUG ｜ mysql_helpers.py ｜ search_by_milvus_id_for_pic ｜ 79 ｜ MYSQL search by milvus id.
2023-06-28 10:42:52,464 ｜ DEBUG ｜ milvus_helpers.py ｜ search_vectors ｜ 102 ｜ Successfully search in collection: ["['(distance: 0.8455768823623657, id: 440902148240704084)', '(distance: 0.69383704662323, id: 440902148240704175)', '(distance: 0.6661520600318909, id: 440902148240704179)', '(distance: 0.6616390943527222, id: 440902148240704144)', '(distance: 0.6500519514083862, id: 440902148240704197)', '(distance: 0.6431141495704651, id: 440902148240704178)', '(distance: 0.6415388584136963, id: 440902148240704145)', '(distance: 0.6302099823951721, id: 440902148240704141)', '(distance: 0.6268199682235718, id: 440902148240704146)', '(distance: 0.6236066818237305, id: 440902148240704157)']"]
2023-06-28 10:42:52,465 ｜ DEBUG ｜ mysql_helpers.py ｜ search_by_milvus_id_for_answer ｜ 64 ｜ MYSQL search by milvus id.
2023-06-28 10:42:52,466 ｜ DEBUG ｜ mysql_helpers.py ｜ search_by_milvus_ids ｜ 94 ｜ MYSQL search by milvus id.
2023-06-28 10:42:52,467 ｜ DEBUG ｜ mysql_helpers.py ｜ search_by_milvus_id_for_pic ｜ 79 ｜ MYSQL search by milvus id.
2023-06-28 10:42:52,513 ｜ DEBUG ｜ milvus_helpers.py ｜ search_vectors ｜ 102 ｜ Successfully search in collection: ["['(distance: 0.8455768823623657, id: 440902148240704084)', '(distance: 0.69383704662323, id: 440902148240704175)', '(distance: 0.6661520600318909, id: 440902148240704179)', '(distance: 0.6616390943527222, id: 440902148240704144)', '(distance: 0.6500519514083862, id: 440902148240704197)']"]
2023-06-28 10:42:52,514 ｜ DEBUG ｜ mysql_helpers.py ｜ search_by_milvus_ids ｜ 94 ｜ MYSQL search by milvus id.
2023-06-28 10:42:52,515 ｜ INFO ｜ remain.py ｜ do_get_question_api ｜ 68 ｜ Successfully searched similar images!
2023-06-28 10:45:17,910 ｜ DEBUG ｜ milvus_helpers.py ｜ search_vectors ｜ 102 ｜ Successfully search in collection: ["['(distance: 0.8455768823623657, id: 440902148240704084)', '(distance: 0.69383704662323, id: 440902148240704175)', '(distance: 0.6661520600318909, id: 440902148240704179)', '(distance: 0.6616390943527222, id: 440902148240704144)', '(distance: 0.6500519514083862, id: 440902148240704197)', '(distance: 0.6431141495704651, id: 440902148240704178)', '(distance: 0.6415388584136963, id: 440902148240704145)', '(distance: 0.6302099823951721, id: 440902148240704141)', '(distance: 0.6268199682235718, id: 440902148240704146)', '(distance: 0.6236066818237305, id: 440902148240704157)']"]
2023-06-28 10:45:17,912 ｜ DEBUG ｜ mysql_helpers.py ｜ search_by_milvus_id_for_answer ｜ 64 ｜ MYSQL search by milvus id.
2023-06-28 10:45:17,913 ｜ DEBUG ｜ mysql_helpers.py ｜ search_by_milvus_ids ｜ 94 ｜ MYSQL search by milvus id.
2023-06-28 10:45:17,914 ｜ DEBUG ｜ mysql_helpers.py ｜ search_by_milvus_id_for_pic ｜ 79 ｜ MYSQL search by milvus id.
2023-06-28 10:45:17,960 ｜ DEBUG ｜ milvus_helpers.py ｜ search_vectors ｜ 102 ｜ Successfully search in collection: ["['(distance: 0.8455768823623657, id: 440902148240704084)', '(distance: 0.69383704662323, id: 440902148240704175)', '(distance: 0.6661520600318909, id: 440902148240704179)', '(distance: 0.6616390943527222, id: 440902148240704144)', '(distance: 0.6500519514083862, id: 440902148240704197)']"]
2023-06-28 10:45:17,961 ｜ DEBUG ｜ mysql_helpers.py ｜ search_by_milvus_ids ｜ 94 ｜ MYSQL search by milvus id.
2023-06-28 10:45:17,961 ｜ INFO ｜ remain.py ｜ do_get_question_api ｜ 68 ｜ Successfully searched similar images!
2023-06-28 10:46:18,026 ｜ DEBUG ｜ milvus_helpers.py ｜ search_vectors ｜ 102 ｜ Successfully search in collection: ["['(distance: 0.8455768823623657, id: 440902148240704084)', '(distance: 0.69383704662323, id: 440902148240704175)', '(distance: 0.6661520600318909, id: 440902148240704179)', '(distance: 0.6616390943527222, id: 440902148240704144)', '(distance: 0.6500519514083862, id: 440902148240704197)', '(distance: 0.6431141495704651, id: 440902148240704178)', '(distance: 0.6415388584136963, id: 440902148240704145)', '(distance: 0.6302099823951721, id: 440902148240704141)', '(distance: 0.6268199682235718, id: 440902148240704146)', '(distance: 0.6236066818237305, id: 440902148240704157)']"]
2023-06-28 10:46:18,028 ｜ DEBUG ｜ mysql_helpers.py ｜ search_by_milvus_id_for_answer ｜ 64 ｜ MYSQL search by milvus id.
2023-06-28 10:46:18,029 ｜ DEBUG ｜ mysql_helpers.py ｜ search_by_milvus_ids ｜ 94 ｜ MYSQL search by milvus id.
2023-06-28 10:46:18,029 ｜ DEBUG ｜ mysql_helpers.py ｜ search_by_milvus_id_for_pic ｜ 79 ｜ MYSQL search by milvus id.
2023-06-28 10:46:18,096 ｜ DEBUG ｜ milvus_helpers.py ｜ search_vectors ｜ 102 ｜ Successfully search in collection: ["['(distance: 0.8455768823623657, id: 440902148240704084)', '(distance: 0.69383704662323, id: 440902148240704175)', '(distance: 0.6661520600318909, id: 440902148240704179)', '(distance: 0.6616390943527222, id: 440902148240704144)', '(distance: 0.6500519514083862, id: 440902148240704197)']"]
2023-06-28 10:46:18,097 ｜ DEBUG ｜ mysql_helpers.py ｜ search_by_milvus_ids ｜ 94 ｜ MYSQL search by milvus id.
2023-06-28 10:46:18,098 ｜ INFO ｜ remain.py ｜ do_get_question_api ｜ 68 ｜ Successfully searched similar images!
2023-06-28 10:47:33,443 ｜ DEBUG ｜ milvus_helpers.py ｜ search_vectors ｜ 102 ｜ Successfully search in collection: ["['(distance: 0.8455768823623657, id: 440902148240704084)', '(distance: 0.69383704662323, id: 440902148240704175)', '(distance: 0.6661520600318909, id: 440902148240704179)', '(distance: 0.6616390943527222, id: 440902148240704144)', '(distance: 0.6500519514083862, id: 440902148240704197)', '(distance: 0.6431141495704651, id: 440902148240704178)', '(distance: 0.6415388584136963, id: 440902148240704145)', '(distance: 0.6302099823951721, id: 440902148240704141)', '(distance: 0.6268199682235718, id: 440902148240704146)', '(distance: 0.6236066818237305, id: 440902148240704157)']"]
2023-06-28 10:47:33,444 ｜ DEBUG ｜ mysql_helpers.py ｜ search_by_milvus_id_for_answer ｜ 64 ｜ MYSQL search by milvus id.
2023-06-28 10:47:33,445 ｜ DEBUG ｜ mysql_helpers.py ｜ search_by_milvus_ids ｜ 94 ｜ MYSQL search by milvus id.
2023-06-28 10:47:33,445 ｜ DEBUG ｜ mysql_helpers.py ｜ search_by_milvus_id_for_pic ｜ 79 ｜ MYSQL search by milvus id.
2023-06-28 10:47:33,511 ｜ DEBUG ｜ milvus_helpers.py ｜ search_vectors ｜ 102 ｜ Successfully search in collection: ["['(distance: 0.8455768823623657, id: 440902148240704084)', '(distance: 0.69383704662323, id: 440902148240704175)', '(distance: 0.6661520600318909, id: 440902148240704179)', '(distance: 0.6616390943527222, id: 440902148240704144)', '(distance: 0.6500519514083862, id: 440902148240704197)']"]
2023-06-28 10:47:33,513 ｜ DEBUG ｜ mysql_helpers.py ｜ search_by_milvus_ids ｜ 94 ｜ MYSQL search by milvus id.
2023-06-28 10:47:33,513 ｜ INFO ｜ remain.py ｜ do_get_question_api ｜ 68 ｜ Successfully searched similar images!
2023-06-28 10:49:08,173 ｜ DEBUG ｜ milvus_helpers.py ｜ search_vectors ｜ 102 ｜ Successfully search in collection: ["['(distance: 0.8455768823623657, id: 440902148240704084)', '(distance: 0.69383704662323, id: 440902148240704175)', '(distance: 0.6661520600318909, id: 440902148240704179)', '(distance: 0.6616390943527222, id: 440902148240704144)', '(distance: 0.6500519514083862, id: 440902148240704197)', '(distance: 0.6431141495704651, id: 440902148240704178)', '(distance: 0.6415388584136963, id: 440902148240704145)', '(distance: 0.6302099823951721, id: 440902148240704141)', '(distance: 0.6268199682235718, id: 440902148240704146)', '(distance: 0.6236066818237305, id: 440902148240704157)']"]
2023-06-28 10:49:08,175 ｜ DEBUG ｜ mysql_helpers.py ｜ search_by_milvus_id_for_answer ｜ 64 ｜ MYSQL search by milvus id.
2023-06-28 10:49:08,176 ｜ DEBUG ｜ mysql_helpers.py ｜ search_by_milvus_ids ｜ 94 ｜ MYSQL search by milvus id.
2023-06-28 10:49:08,177 ｜ DEBUG ｜ mysql_helpers.py ｜ search_by_milvus_id_for_pic ｜ 79 ｜ MYSQL search by milvus id.
2023-06-28 10:49:08,230 ｜ DEBUG ｜ milvus_helpers.py ｜ search_vectors ｜ 102 ｜ Successfully search in collection: ["['(distance: 0.8455768823623657, id: 440902148240704084)', '(distance: 0.69383704662323, id: 440902148240704175)', '(distance: 0.6661520600318909, id: 440902148240704179)', '(distance: 0.6616390943527222, id: 440902148240704144)', '(distance: 0.6500519514083862, id: 440902148240704197)']"]
2023-06-28 10:49:08,231 ｜ DEBUG ｜ mysql_helpers.py ｜ search_by_milvus_ids ｜ 94 ｜ MYSQL search by milvus id.
2023-06-28 10:49:08,232 ｜ INFO ｜ remain.py ｜ do_get_question_api ｜ 68 ｜ Successfully searched similar images!
2023-06-28 10:49:27,262 ｜ DEBUG ｜ milvus_helpers.py ｜ search_vectors ｜ 102 ｜ Successfully search in collection: ["['(distance: 0.8455768823623657, id: 440902148240704084)', '(distance: 0.69383704662323, id: 440902148240704175)', '(distance: 0.6661520600318909, id: 440902148240704179)', '(distance: 0.6616390943527222, id: 440902148240704144)', '(distance: 0.6500519514083862, id: 440902148240704197)']"]
2023-06-28 10:49:27,263 ｜ DEBUG ｜ mysql_helpers.py ｜ search_by_milvus_ids ｜ 94 ｜ MYSQL search by milvus id.
2023-06-28 10:49:27,263 ｜ INFO ｜ remain.py ｜ do_get_question_api ｜ 68 ｜ Successfully searched similar images!
2023-06-28 10:49:27,329 ｜ DEBUG ｜ milvus_helpers.py ｜ search_vectors ｜ 102 ｜ Successfully search in collection: ["['(distance: 0.8455768823623657, id: 440902148240704084)', '(distance: 0.69383704662323, id: 440902148240704175)', '(distance: 0.6661520600318909, id: 440902148240704179)', '(distance: 0.6616390943527222, id: 440902148240704144)', '(distance: 0.6500519514083862, id: 440902148240704197)', '(distance: 0.6431141495704651, id: 440902148240704178)', '(distance: 0.6415388584136963, id: 440902148240704145)', '(distance: 0.6302099823951721, id: 440902148240704141)', '(distance: 0.6268199682235718, id: 440902148240704146)', '(distance: 0.6236066818237305, id: 440902148240704157)']"]
2023-06-28 10:49:27,331 ｜ DEBUG ｜ mysql_helpers.py ｜ search_by_milvus_id_for_answer ｜ 64 ｜ MYSQL search by milvus id.
2023-06-28 10:49:27,332 ｜ DEBUG ｜ mysql_helpers.py ｜ search_by_milvus_ids ｜ 94 ｜ MYSQL search by milvus id.
2023-06-28 10:49:27,332 ｜ DEBUG ｜ mysql_helpers.py ｜ search_by_milvus_id_for_pic ｜ 79 ｜ MYSQL search by milvus id.
2023-06-28 10:49:33,147 ｜ DEBUG ｜ milvus_helpers.py ｜ search_vectors ｜ 102 ｜ Successfully search in collection: ["['(distance: 0.8455768823623657, id: 440902148240704084)', '(distance: 0.69383704662323, id: 440902148240704175)', '(distance: 0.6661520600318909, id: 440902148240704179)', '(distance: 0.6616390943527222, id: 440902148240704144)', '(distance: 0.6500519514083862, id: 440902148240704197)', '(distance: 0.6431141495704651, id: 440902148240704178)', '(distance: 0.6415388584136963, id: 440902148240704145)', '(distance: 0.6302099823951721, id: 440902148240704141)', '(distance: 0.6268199682235718, id: 440902148240704146)', '(distance: 0.6236066818237305, id: 440902148240704157)']"]
2023-06-28 10:49:33,148 ｜ DEBUG ｜ mysql_helpers.py ｜ search_by_milvus_id_for_answer ｜ 64 ｜ MYSQL search by milvus id.
2023-06-28 10:49:33,149 ｜ DEBUG ｜ mysql_helpers.py ｜ search_by_milvus_ids ｜ 94 ｜ MYSQL search by milvus id.
2023-06-28 10:49:33,149 ｜ DEBUG ｜ mysql_helpers.py ｜ search_by_milvus_id_for_pic ｜ 79 ｜ MYSQL search by milvus id.
2023-06-28 10:49:33,270 ｜ DEBUG ｜ milvus_helpers.py ｜ search_vectors ｜ 102 ｜ Successfully search in collection: ["['(distance: 0.8455768823623657, id: 440902148240704084)', '(distance: 0.69383704662323, id: 440902148240704175)', '(distance: 0.6661520600318909, id: 440902148240704179)', '(distance: 0.6616390943527222, id: 440902148240704144)', '(distance: 0.6500519514083862, id: 440902148240704197)']"]
2023-06-28 10:49:33,271 ｜ DEBUG ｜ mysql_helpers.py ｜ search_by_milvus_ids ｜ 94 ｜ MYSQL search by milvus id.
2023-06-28 10:49:33,271 ｜ INFO ｜ remain.py ｜ do_get_question_api ｜ 68 ｜ Successfully searched similar images!
2023-06-28 10:54:46,344 ｜ DEBUG ｜ milvus_helpers.py ｜ search_vectors ｜ 102 ｜ Successfully search in collection: ["['(distance: 0.8455768823623657, id: 440902148240704084)', '(distance: 0.69383704662323, id: 440902148240704175)', '(distance: 0.6661520600318909, id: 440902148240704179)', '(distance: 0.6616390943527222, id: 440902148240704144)', '(distance: 0.6500519514083862, id: 440902148240704197)', '(distance: 0.6431141495704651, id: 440902148240704178)', '(distance: 0.6415388584136963, id: 440902148240704145)', '(distance: 0.6302099823951721, id: 440902148240704141)', '(distance: 0.6268199682235718, id: 440902148240704146)', '(distance: 0.6236066818237305, id: 440902148240704157)']"]
2023-06-28 10:54:46,346 ｜ DEBUG ｜ mysql_helpers.py ｜ search_by_milvus_id_for_answer ｜ 64 ｜ MYSQL search by milvus id.
2023-06-28 10:54:46,347 ｜ DEBUG ｜ mysql_helpers.py ｜ search_by_milvus_ids ｜ 94 ｜ MYSQL search by milvus id.
2023-06-28 10:54:46,347 ｜ DEBUG ｜ mysql_helpers.py ｜ search_by_milvus_id_for_pic ｜ 79 ｜ MYSQL search by milvus id.
2023-06-28 10:54:46,414 ｜ DEBUG ｜ milvus_helpers.py ｜ search_vectors ｜ 102 ｜ Successfully search in collection: ["['(distance: 0.8455768823623657, id: 440902148240704084)', '(distance: 0.69383704662323, id: 440902148240704175)', '(distance: 0.6661520600318909, id: 440902148240704179)', '(distance: 0.6616390943527222, id: 440902148240704144)', '(distance: 0.6500519514083862, id: 440902148240704197)']"]
2023-06-28 10:54:46,415 ｜ DEBUG ｜ mysql_helpers.py ｜ search_by_milvus_ids ｜ 94 ｜ MYSQL search by milvus id.
2023-06-28 10:54:46,415 ｜ INFO ｜ remain.py ｜ do_get_question_api ｜ 68 ｜ Successfully searched similar images!
2023-06-28 10:55:07,232 ｜ DEBUG ｜ milvus_helpers.py ｜ search_vectors ｜ 102 ｜ Successfully search in collection: ["['(distance: 0.8455768823623657, id: 440902148240704084)', '(distance: 0.69383704662323, id: 440902148240704175)', '(distance: 0.6661520600318909, id: 440902148240704179)', '(distance: 0.6616390943527222, id: 440902148240704144)', '(distance: 0.6500519514083862, id: 440902148240704197)']"]
2023-06-28 10:55:07,233 ｜ DEBUG ｜ mysql_helpers.py ｜ search_by_milvus_ids ｜ 94 ｜ MYSQL search by milvus id.
2023-06-28 10:55:07,234 ｜ INFO ｜ remain.py ｜ do_get_question_api ｜ 68 ｜ Successfully searched similar images!
2023-06-28 10:55:07,296 ｜ DEBUG ｜ milvus_helpers.py ｜ search_vectors ｜ 102 ｜ Successfully search in collection: ["['(distance: 0.8455768823623657, id: 440902148240704084)', '(distance: 0.69383704662323, id: 440902148240704175)', '(distance: 0.6661520600318909, id: 440902148240704179)', '(distance: 0.6616390943527222, id: 440902148240704144)', '(distance: 0.6500519514083862, id: 440902148240704197)', '(distance: 0.6431141495704651, id: 440902148240704178)', '(distance: 0.6415388584136963, id: 440902148240704145)', '(distance: 0.6302099823951721, id: 440902148240704141)', '(distance: 0.6268199682235718, id: 440902148240704146)', '(distance: 0.6236066818237305, id: 440902148240704157)']"]
2023-06-28 10:55:07,297 ｜ DEBUG ｜ mysql_helpers.py ｜ search_by_milvus_id_for_answer ｜ 64 ｜ MYSQL search by milvus id.
2023-06-28 10:55:07,298 ｜ DEBUG ｜ mysql_helpers.py ｜ search_by_milvus_ids ｜ 94 ｜ MYSQL search by milvus id.
2023-06-28 10:55:07,298 ｜ DEBUG ｜ mysql_helpers.py ｜ search_by_milvus_id_for_pic ｜ 79 ｜ MYSQL search by milvus id.
2023-06-28 10:55:14,210 ｜ DEBUG ｜ milvus_helpers.py ｜ search_vectors ｜ 102 ｜ Successfully search in collection: ["['(distance: 0.8455768823623657, id: 440902148240704084)', '(distance: 0.69383704662323, id: 440902148240704175)', '(distance: 0.6661520600318909, id: 440902148240704179)', '(distance: 0.6616390943527222, id: 440902148240704144)', '(distance: 0.6500519514083862, id: 440902148240704197)', '(distance: 0.6431141495704651, id: 440902148240704178)', '(distance: 0.6415388584136963, id: 440902148240704145)', '(distance: 0.6302099823951721, id: 440902148240704141)', '(distance: 0.6268199682235718, id: 440902148240704146)', '(distance: 0.6236066818237305, id: 440902148240704157)']"]
2023-06-28 10:55:14,211 ｜ DEBUG ｜ mysql_helpers.py ｜ search_by_milvus_id_for_answer ｜ 64 ｜ MYSQL search by milvus id.
2023-06-28 10:55:14,212 ｜ DEBUG ｜ mysql_helpers.py ｜ search_by_milvus_ids ｜ 94 ｜ MYSQL search by milvus id.
2023-06-28 10:55:14,212 ｜ DEBUG ｜ mysql_helpers.py ｜ search_by_milvus_id_for_pic ｜ 79 ｜ MYSQL search by milvus id.
2023-06-28 10:55:14,325 ｜ DEBUG ｜ milvus_helpers.py ｜ search_vectors ｜ 102 ｜ Successfully search in collection: ["['(distance: 0.8455768823623657, id: 440902148240704084)', '(distance: 0.69383704662323, id: 440902148240704175)', '(distance: 0.6661520600318909, id: 440902148240704179)', '(distance: 0.6616390943527222, id: 440902148240704144)', '(distance: 0.6500519514083862, id: 440902148240704197)']"]
2023-06-28 10:55:14,327 ｜ DEBUG ｜ mysql_helpers.py ｜ search_by_milvus_ids ｜ 94 ｜ MYSQL search by milvus id.
2023-06-28 10:55:14,327 ｜ INFO ｜ remain.py ｜ do_get_question_api ｜ 68 ｜ Successfully searched similar images!
2023-06-28 11:02:31,478 ｜ DEBUG ｜ milvus_helpers.py ｜ search_vectors ｜ 102 ｜ Successfully search in collection: ["['(distance: 0.8455768823623657, id: 440902148240704084)', '(distance: 0.69383704662323, id: 440902148240704175)', '(distance: 0.6661520600318909, id: 440902148240704179)', '(distance: 0.6616390943527222, id: 440902148240704144)', '(distance: 0.6500519514083862, id: 440902148240704197)']"]
2023-06-28 11:02:31,480 ｜ DEBUG ｜ mysql_helpers.py ｜ search_by_milvus_ids ｜ 94 ｜ MYSQL search by milvus id.
2023-06-28 11:02:31,480 ｜ INFO ｜ remain.py ｜ do_get_question_api ｜ 68 ｜ Successfully searched similar images!
2023-06-28 11:02:31,541 ｜ DEBUG ｜ milvus_helpers.py ｜ search_vectors ｜ 102 ｜ Successfully search in collection: ["['(distance: 0.8455768823623657, id: 440902148240704084)', '(distance: 0.69383704662323, id: 440902148240704175)', '(distance: 0.6661520600318909, id: 440902148240704179)', '(distance: 0.6616390943527222, id: 440902148240704144)', '(distance: 0.6500519514083862, id: 440902148240704197)', '(distance: 0.6431141495704651, id: 440902148240704178)', '(distance: 0.6415388584136963, id: 440902148240704145)', '(distance: 0.6302099823951721, id: 440902148240704141)', '(distance: 0.6268199682235718, id: 440902148240704146)', '(distance: 0.6236066818237305, id: 440902148240704157)']"]
2023-06-28 11:02:31,542 ｜ DEBUG ｜ mysql_helpers.py ｜ search_by_milvus_id_for_answer ｜ 64 ｜ MYSQL search by milvus id.
2023-06-28 11:02:31,543 ｜ DEBUG ｜ mysql_helpers.py ｜ search_by_milvus_ids ｜ 94 ｜ MYSQL search by milvus id.
2023-06-28 11:02:31,544 ｜ DEBUG ｜ mysql_helpers.py ｜ search_by_milvus_id_for_pic ｜ 79 ｜ MYSQL search by milvus id.
2023-06-28 11:02:38,393 ｜ DEBUG ｜ milvus_helpers.py ｜ search_vectors ｜ 102 ｜ Successfully search in collection: ["['(distance: 0.8455768823623657, id: 440902148240704084)', '(distance: 0.69383704662323, id: 440902148240704175)', '(distance: 0.6661520600318909, id: 440902148240704179)', '(distance: 0.6616390943527222, id: 440902148240704144)', '(distance: 0.6500519514083862, id: 440902148240704197)', '(distance: 0.6431141495704651, id: 440902148240704178)', '(distance: 0.6415388584136963, id: 440902148240704145)', '(distance: 0.6302099823951721, id: 440902148240704141)', '(distance: 0.6268199682235718, id: 440902148240704146)', '(distance: 0.6236066818237305, id: 440902148240704157)']"]
2023-06-28 11:02:38,394 ｜ DEBUG ｜ mysql_helpers.py ｜ search_by_milvus_id_for_answer ｜ 64 ｜ MYSQL search by milvus id.
2023-06-28 11:02:38,395 ｜ DEBUG ｜ mysql_helpers.py ｜ search_by_milvus_ids ｜ 94 ｜ MYSQL search by milvus id.
2023-06-28 11:02:38,396 ｜ DEBUG ｜ mysql_helpers.py ｜ search_by_milvus_id_for_pic ｜ 79 ｜ MYSQL search by milvus id.
2023-06-28 11:02:38,496 ｜ DEBUG ｜ milvus_helpers.py ｜ search_vectors ｜ 102 ｜ Successfully search in collection: ["['(distance: 0.8455768823623657, id: 440902148240704084)', '(distance: 0.69383704662323, id: 440902148240704175)', '(distance: 0.6661520600318909, id: 440902148240704179)', '(distance: 0.6616390943527222, id: 440902148240704144)', '(distance: 0.6500519514083862, id: 440902148240704197)']"]
2023-06-28 11:02:38,498 ｜ DEBUG ｜ mysql_helpers.py ｜ search_by_milvus_ids ｜ 94 ｜ MYSQL search by milvus id.
2023-06-28 11:02:38,498 ｜ INFO ｜ remain.py ｜ do_get_question_api ｜ 68 ｜ Successfully searched similar images!
2023-06-28 11:04:06,244 ｜ DEBUG ｜ milvus_helpers.py ｜ search_vectors ｜ 102 ｜ Successfully search in collection: ["['(distance: 0.8455768823623657, id: 440902148240704084)', '(distance: 0.69383704662323, id: 440902148240704175)', '(distance: 0.6661520600318909, id: 440902148240704179)', '(distance: 0.6616390943527222, id: 440902148240704144)', '(distance: 0.6500519514083862, id: 440902148240704197)', '(distance: 0.6431141495704651, id: 440902148240704178)', '(distance: 0.6415388584136963, id: 440902148240704145)', '(distance: 0.6302099823951721, id: 440902148240704141)', '(distance: 0.6268199682235718, id: 440902148240704146)', '(distance: 0.6236066818237305, id: 440902148240704157)']"]
2023-06-28 11:04:06,246 ｜ DEBUG ｜ mysql_helpers.py ｜ search_by_milvus_id_for_answer ｜ 64 ｜ MYSQL search by milvus id.
2023-06-28 11:04:06,247 ｜ DEBUG ｜ mysql_helpers.py ｜ search_by_milvus_ids ｜ 94 ｜ MYSQL search by milvus id.
2023-06-28 11:04:06,248 ｜ DEBUG ｜ mysql_helpers.py ｜ search_by_milvus_id_for_pic ｜ 79 ｜ MYSQL search by milvus id.
2023-06-28 11:04:06,295 ｜ DEBUG ｜ milvus_helpers.py ｜ search_vectors ｜ 102 ｜ Successfully search in collection: ["['(distance: 0.8455768823623657, id: 440902148240704084)', '(distance: 0.69383704662323, id: 440902148240704175)', '(distance: 0.6661520600318909, id: 440902148240704179)', '(distance: 0.6616390943527222, id: 440902148240704144)', '(distance: 0.6500519514083862, id: 440902148240704197)']"]
2023-06-28 11:04:06,296 ｜ DEBUG ｜ mysql_helpers.py ｜ search_by_milvus_ids ｜ 94 ｜ MYSQL search by milvus id.
2023-06-28 11:04:06,296 ｜ INFO ｜ remain.py ｜ do_get_question_api ｜ 68 ｜ Successfully searched similar images!
2023-06-28 11:05:03,672 ｜ DEBUG ｜ milvus_helpers.py ｜ search_vectors ｜ 102 ｜ Successfully search in collection: ["['(distance: 0.8455768823623657, id: 440902148240704084)', '(distance: 0.69383704662323, id: 440902148240704175)', '(distance: 0.6661520600318909, id: 440902148240704179)', '(distance: 0.6616390943527222, id: 440902148240704144)', '(distance: 0.6500519514083862, id: 440902148240704197)']"]
2023-06-28 11:05:03,673 ｜ DEBUG ｜ mysql_helpers.py ｜ search_by_milvus_ids ｜ 94 ｜ MYSQL search by milvus id.
2023-06-28 11:05:03,673 ｜ INFO ｜ remain.py ｜ do_get_question_api ｜ 68 ｜ Successfully searched similar images!
2023-06-28 11:05:03,719 ｜ DEBUG ｜ milvus_helpers.py ｜ search_vectors ｜ 102 ｜ Successfully search in collection: ["['(distance: 0.8455768823623657, id: 440902148240704084)', '(distance: 0.69383704662323, id: 440902148240704175)', '(distance: 0.6661520600318909, id: 440902148240704179)', '(distance: 0.6616390943527222, id: 440902148240704144)', '(distance: 0.6500519514083862, id: 440902148240704197)', '(distance: 0.6431141495704651, id: 440902148240704178)', '(distance: 0.6415388584136963, id: 440902148240704145)', '(distance: 0.6302099823951721, id: 440902148240704141)', '(distance: 0.6268199682235718, id: 440902148240704146)', '(distance: 0.6236066818237305, id: 440902148240704157)']"]
2023-06-28 11:05:03,721 ｜ DEBUG ｜ mysql_helpers.py ｜ search_by_milvus_id_for_answer ｜ 64 ｜ MYSQL search by milvus id.
2023-06-28 11:05:03,722 ｜ DEBUG ｜ mysql_helpers.py ｜ search_by_milvus_ids ｜ 94 ｜ MYSQL search by milvus id.
2023-06-28 11:05:03,723 ｜ DEBUG ｜ mysql_helpers.py ｜ search_by_milvus_id_for_pic ｜ 79 ｜ MYSQL search by milvus id.
2023-06-28 11:07:18,640 ｜ DEBUG ｜ milvus_helpers.py ｜ search_vectors ｜ 102 ｜ Successfully search in collection: ["['(distance: 0.8455768823623657, id: 440902148240704084)', '(distance: 0.69383704662323, id: 440902148240704175)', '(distance: 0.6661520600318909, id: 440902148240704179)', '(distance: 0.6616390943527222, id: 440902148240704144)', '(distance: 0.6500519514083862, id: 440902148240704197)', '(distance: 0.6431141495704651, id: 440902148240704178)', '(distance: 0.6415388584136963, id: 440902148240704145)', '(distance: 0.6302099823951721, id: 440902148240704141)', '(distance: 0.6268199682235718, id: 440902148240704146)', '(distance: 0.6236066818237305, id: 440902148240704157)']"]
2023-06-28 11:07:18,641 ｜ DEBUG ｜ mysql_helpers.py ｜ search_by_milvus_id_for_answer ｜ 64 ｜ MYSQL search by milvus id.
2023-06-28 11:07:18,642 ｜ DEBUG ｜ mysql_helpers.py ｜ search_by_milvus_ids ｜ 94 ｜ MYSQL search by milvus id.
2023-06-28 11:07:18,643 ｜ DEBUG ｜ mysql_helpers.py ｜ search_by_milvus_id_for_pic ｜ 79 ｜ MYSQL search by milvus id.
2023-06-28 11:07:18,704 ｜ DEBUG ｜ milvus_helpers.py ｜ search_vectors ｜ 102 ｜ Successfully search in collection: ["['(distance: 0.8455768823623657, id: 440902148240704084)', '(distance: 0.69383704662323, id: 440902148240704175)', '(distance: 0.6661520600318909, id: 440902148240704179)', '(distance: 0.6616390943527222, id: 440902148240704144)', '(distance: 0.6500519514083862, id: 440902148240704197)']"]
2023-06-28 11:07:18,706 ｜ DEBUG ｜ mysql_helpers.py ｜ search_by_milvus_ids ｜ 94 ｜ MYSQL search by milvus id.
2023-06-28 11:07:18,706 ｜ INFO ｜ remain.py ｜ do_get_question_api ｜ 68 ｜ Successfully searched similar images!
2023-06-28 11:07:41,807 ｜ DEBUG ｜ milvus_helpers.py ｜ search_vectors ｜ 102 ｜ Successfully search in collection: ["['(distance: 0.8455768823623657, id: 440902148240704084)', '(distance: 0.69383704662323, id: 440902148240704175)', '(distance: 0.6661520600318909, id: 440902148240704179)', '(distance: 0.6616390943527222, id: 440902148240704144)', '(distance: 0.6500519514083862, id: 440902148240704197)']"]
2023-06-28 11:07:41,808 ｜ DEBUG ｜ mysql_helpers.py ｜ search_by_milvus_ids ｜ 94 ｜ MYSQL search by milvus id.
2023-06-28 11:07:41,808 ｜ INFO ｜ remain.py ｜ do_get_question_api ｜ 68 ｜ Successfully searched similar images!
2023-06-28 11:07:41,855 ｜ DEBUG ｜ milvus_helpers.py ｜ search_vectors ｜ 102 ｜ Successfully search in collection: ["['(distance: 0.8455768823623657, id: 440902148240704084)', '(distance: 0.69383704662323, id: 440902148240704175)', '(distance: 0.6661520600318909, id: 440902148240704179)', '(distance: 0.6616390943527222, id: 440902148240704144)', '(distance: 0.6500519514083862, id: 440902148240704197)', '(distance: 0.6431141495704651, id: 440902148240704178)', '(distance: 0.6415388584136963, id: 440902148240704145)', '(distance: 0.6302099823951721, id: 440902148240704141)', '(distance: 0.6268199682235718, id: 440902148240704146)', '(distance: 0.6236066818237305, id: 440902148240704157)']"]
2023-06-28 11:07:41,857 ｜ DEBUG ｜ mysql_helpers.py ｜ search_by_milvus_id_for_answer ｜ 64 ｜ MYSQL search by milvus id.
2023-06-28 11:07:41,858 ｜ DEBUG ｜ mysql_helpers.py ｜ search_by_milvus_ids ｜ 94 ｜ MYSQL search by milvus id.
2023-06-28 11:07:41,858 ｜ DEBUG ｜ mysql_helpers.py ｜ search_by_milvus_id_for_pic ｜ 79 ｜ MYSQL search by milvus id.
2023-06-28 11:07:46,369 ｜ DEBUG ｜ milvus_helpers.py ｜ search_vectors ｜ 102 ｜ Successfully search in collection: ["['(distance: 0.8455768823623657, id: 440902148240704084)', '(distance: 0.69383704662323, id: 440902148240704175)', '(distance: 0.6661520600318909, id: 440902148240704179)', '(distance: 0.6616390943527222, id: 440902148240704144)', '(distance: 0.6500519514083862, id: 440902148240704197)']"]
2023-06-28 11:07:46,370 ｜ DEBUG ｜ mysql_helpers.py ｜ search_by_milvus_ids ｜ 94 ｜ MYSQL search by milvus id.
2023-06-28 11:07:46,370 ｜ INFO ｜ remain.py ｜ do_get_question_api ｜ 68 ｜ Successfully searched similar images!
2023-06-28 11:07:46,417 ｜ DEBUG ｜ milvus_helpers.py ｜ search_vectors ｜ 102 ｜ Successfully search in collection: ["['(distance: 0.8455768823623657, id: 440902148240704084)', '(distance: 0.69383704662323, id: 440902148240704175)', '(distance: 0.6661520600318909, id: 440902148240704179)', '(distance: 0.6616390943527222, id: 440902148240704144)', '(distance: 0.6500519514083862, id: 440902148240704197)', '(distance: 0.6431141495704651, id: 440902148240704178)', '(distance: 0.6415388584136963, id: 440902148240704145)', '(distance: 0.6302099823951721, id: 440902148240704141)', '(distance: 0.6268199682235718, id: 440902148240704146)', '(distance: 0.6236066818237305, id: 440902148240704157)']"]
2023-06-28 11:07:46,418 ｜ DEBUG ｜ mysql_helpers.py ｜ search_by_milvus_id_for_answer ｜ 64 ｜ MYSQL search by milvus id.
2023-06-28 11:07:46,419 ｜ DEBUG ｜ mysql_helpers.py ｜ search_by_milvus_ids ｜ 94 ｜ MYSQL search by milvus id.
2023-06-28 11:07:46,420 ｜ DEBUG ｜ mysql_helpers.py ｜ search_by_milvus_id_for_pic ｜ 79 ｜ MYSQL search by milvus id.
2023-06-28 11:07:50,752 ｜ DEBUG ｜ milvus_helpers.py ｜ search_vectors ｜ 102 ｜ Successfully search in collection: ["['(distance: 0.8455768823623657, id: 440902148240704084)', '(distance: 0.69383704662323, id: 440902148240704175)', '(distance: 0.6661520600318909, id: 440902148240704179)', '(distance: 0.6616390943527222, id: 440902148240704144)', '(distance: 0.6500519514083862, id: 440902148240704197)']"]
2023-06-28 11:07:50,753 ｜ DEBUG ｜ mysql_helpers.py ｜ search_by_milvus_ids ｜ 94 ｜ MYSQL search by milvus id.
2023-06-28 11:07:50,753 ｜ INFO ｜ remain.py ｜ do_get_question_api ｜ 68 ｜ Successfully searched similar images!
2023-06-28 11:07:50,823 ｜ DEBUG ｜ milvus_helpers.py ｜ search_vectors ｜ 102 ｜ Successfully search in collection: ["['(distance: 0.8455768823623657, id: 440902148240704084)', '(distance: 0.69383704662323, id: 440902148240704175)', '(distance: 0.6661520600318909, id: 440902148240704179)', '(distance: 0.6616390943527222, id: 440902148240704144)', '(distance: 0.6500519514083862, id: 440902148240704197)', '(distance: 0.6431141495704651, id: 440902148240704178)', '(distance: 0.6415388584136963, id: 440902148240704145)', '(distance: 0.6302099823951721, id: 440902148240704141)', '(distance: 0.6268199682235718, id: 440902148240704146)', '(distance: 0.6236066818237305, id: 440902148240704157)']"]
2023-06-28 11:07:50,825 ｜ DEBUG ｜ mysql_helpers.py ｜ search_by_milvus_id_for_answer ｜ 64 ｜ MYSQL search by milvus id.
2023-06-28 11:07:50,825 ｜ DEBUG ｜ mysql_helpers.py ｜ search_by_milvus_ids ｜ 94 ｜ MYSQL search by milvus id.
2023-06-28 11:07:50,826 ｜ DEBUG ｜ mysql_helpers.py ｜ search_by_milvus_id_for_pic ｜ 79 ｜ MYSQL search by milvus id.
2023-06-28 11:07:55,964 ｜ DEBUG ｜ milvus_helpers.py ｜ search_vectors ｜ 102 ｜ Successfully search in collection: ["['(distance: 0.8455768823623657, id: 440902148240704084)', '(distance: 0.69383704662323, id: 440902148240704175)', '(distance: 0.6661520600318909, id: 440902148240704179)', '(distance: 0.6616390943527222, id: 440902148240704144)', '(distance: 0.6500519514083862, id: 440902148240704197)', '(distance: 0.6431141495704651, id: 440902148240704178)', '(distance: 0.6415388584136963, id: 440902148240704145)', '(distance: 0.6302099823951721, id: 440902148240704141)', '(distance: 0.6268199682235718, id: 440902148240704146)', '(distance: 0.6236066818237305, id: 440902148240704157)']"]
2023-06-28 11:07:55,965 ｜ DEBUG ｜ mysql_helpers.py ｜ search_by_milvus_id_for_answer ｜ 64 ｜ MYSQL search by milvus id.
2023-06-28 11:07:55,966 ｜ DEBUG ｜ mysql_helpers.py ｜ search_by_milvus_ids ｜ 94 ｜ MYSQL search by milvus id.
2023-06-28 11:07:55,967 ｜ DEBUG ｜ mysql_helpers.py ｜ search_by_milvus_id_for_pic ｜ 79 ｜ MYSQL search by milvus id.
2023-06-28 11:07:56,086 ｜ DEBUG ｜ milvus_helpers.py ｜ search_vectors ｜ 102 ｜ Successfully search in collection: ["['(distance: 0.8455768823623657, id: 440902148240704084)', '(distance: 0.69383704662323, id: 440902148240704175)', '(distance: 0.6661520600318909, id: 440902148240704179)', '(distance: 0.6616390943527222, id: 440902148240704144)', '(distance: 0.6500519514083862, id: 440902148240704197)']"]
2023-06-28 11:07:56,087 ｜ DEBUG ｜ mysql_helpers.py ｜ search_by_milvus_ids ｜ 94 ｜ MYSQL search by milvus id.
2023-06-28 11:07:56,088 ｜ INFO ｜ remain.py ｜ do_get_question_api ｜ 68 ｜ Successfully searched similar images!
2023-06-28 11:10:02,077 ｜ DEBUG ｜ milvus_helpers.py ｜ search_vectors ｜ 102 ｜ Successfully search in collection: ["['(distance: 0.8455768823623657, id: 440902148240704084)', '(distance: 0.69383704662323, id: 440902148240704175)', '(distance: 0.6661520600318909, id: 440902148240704179)', '(distance: 0.6616390943527222, id: 440902148240704144)', '(distance: 0.6500519514083862, id: 440902148240704197)']"]
2023-06-28 11:10:02,078 ｜ DEBUG ｜ mysql_helpers.py ｜ search_by_milvus_ids ｜ 94 ｜ MYSQL search by milvus id.
2023-06-28 11:10:02,078 ｜ INFO ｜ remain.py ｜ do_get_question_api ｜ 68 ｜ Successfully searched similar images!
2023-06-28 11:10:02,126 ｜ DEBUG ｜ milvus_helpers.py ｜ search_vectors ｜ 102 ｜ Successfully search in collection: ["['(distance: 0.8455768823623657, id: 440902148240704084)', '(distance: 0.69383704662323, id: 440902148240704175)', '(distance: 0.6661520600318909, id: 440902148240704179)', '(distance: 0.6616390943527222, id: 440902148240704144)', '(distance: 0.6500519514083862, id: 440902148240704197)', '(distance: 0.6431141495704651, id: 440902148240704178)', '(distance: 0.6415388584136963, id: 440902148240704145)', '(distance: 0.6302099823951721, id: 440902148240704141)', '(distance: 0.6268199682235718, id: 440902148240704146)', '(distance: 0.6236066818237305, id: 440902148240704157)']"]
2023-06-28 11:10:02,127 ｜ DEBUG ｜ mysql_helpers.py ｜ search_by_milvus_id_for_answer ｜ 64 ｜ MYSQL search by milvus id.
2023-06-28 11:10:02,128 ｜ DEBUG ｜ mysql_helpers.py ｜ search_by_milvus_ids ｜ 94 ｜ MYSQL search by milvus id.
2023-06-28 11:10:02,128 ｜ DEBUG ｜ mysql_helpers.py ｜ search_by_milvus_id_for_pic ｜ 79 ｜ MYSQL search by milvus id.
2023-06-28 11:11:52,843 ｜ DEBUG ｜ milvus_helpers.py ｜ search_vectors ｜ 102 ｜ Successfully search in collection: ["['(distance: 0.6506606340408325, id: 440902148240704169)', '(distance: 0.6342220306396484, id: 440902148240704084)', '(distance: 0.5852628946304321, id: 440902148240704178)', '(distance: 0.5706402063369751, id: 440902148240704086)', '(distance: 0.56526780128479, id: 440902148240704146)', '(distance: 0.5399677157402039, id: 440902148240704158)', '(distance: 0.5297737717628479, id: 440902148240704104)', '(distance: 0.5071746110916138, id: 440902148240704175)', '(distance: 0.47537335753440857, id: 440902148240704106)', '(distance: 0.47488728165626526, id: 440902148240704170)']"]
2023-06-28 11:11:52,845 ｜ DEBUG ｜ mysql_helpers.py ｜ search_by_milvus_id_for_answer ｜ 64 ｜ MYSQL search by milvus id.
2023-06-28 11:11:52,846 ｜ DEBUG ｜ mysql_helpers.py ｜ search_by_milvus_ids ｜ 94 ｜ MYSQL search by milvus id.
2023-06-28 11:11:52,846 ｜ DEBUG ｜ mysql_helpers.py ｜ search_by_milvus_id_for_pic ｜ 79 ｜ MYSQL search by milvus id.
2023-06-28 11:11:52,912 ｜ DEBUG ｜ milvus_helpers.py ｜ search_vectors ｜ 102 ｜ Successfully search in collection: ["['(distance: 0.6506606340408325, id: 440902148240704169)', '(distance: 0.6342220306396484, id: 440902148240704084)', '(distance: 0.5852628946304321, id: 440902148240704178)', '(distance: 0.5706402063369751, id: 440902148240704086)', '(distance: 0.56526780128479, id: 440902148240704146)']"]
2023-06-28 11:11:52,913 ｜ DEBUG ｜ mysql_helpers.py ｜ search_by_milvus_ids ｜ 94 ｜ MYSQL search by milvus id.
2023-06-28 11:11:52,913 ｜ INFO ｜ remain.py ｜ do_get_question_api ｜ 68 ｜ Successfully searched similar images!
2023-06-28 11:12:17,936 ｜ DEBUG ｜ milvus_helpers.py ｜ search_vectors ｜ 102 ｜ Successfully search in collection: ["['(distance: 0.8724040985107422, id: 440902148240704084)', '(distance: 0.6972776055335999, id: 440902148240704175)', '(distance: 0.6865353584289551, id: 440902148240704179)', '(distance: 0.6671870350837708, id: 440902148240704146)', '(distance: 0.6615798473358154, id: 440902148240704141)', '(distance: 0.6406468749046326, id: 440902148240704110)', '(distance: 0.6361528635025024, id: 440902148240704197)', '(distance: 0.6235536336898804, id: 440902148240704145)', '(distance: 0.623183012008667, id: 440902148240704144)', '(distance: 0.6201131343841553, id: 440902148240704177)']"]
2023-06-28 11:12:17,938 ｜ DEBUG ｜ mysql_helpers.py ｜ search_by_milvus_id_for_answer ｜ 64 ｜ MYSQL search by milvus id.
2023-06-28 11:12:17,939 ｜ DEBUG ｜ mysql_helpers.py ｜ search_by_milvus_ids ｜ 94 ｜ MYSQL search by milvus id.
2023-06-28 11:12:17,940 ｜ DEBUG ｜ mysql_helpers.py ｜ search_by_milvus_id_for_pic ｜ 79 ｜ MYSQL search by milvus id.
2023-06-28 11:12:18,008 ｜ DEBUG ｜ milvus_helpers.py ｜ search_vectors ｜ 102 ｜ Successfully search in collection: ["['(distance: 0.8724040985107422, id: 440902148240704084)', '(distance: 0.6972776055335999, id: 440902148240704175)', '(distance: 0.6865353584289551, id: 440902148240704179)', '(distance: 0.6671870350837708, id: 440902148240704146)', '(distance: 0.6615798473358154, id: 440902148240704141)']"]
2023-06-28 11:12:18,009 ｜ DEBUG ｜ mysql_helpers.py ｜ search_by_milvus_ids ｜ 94 ｜ MYSQL search by milvus id.
2023-06-28 11:12:18,009 ｜ INFO ｜ remain.py ｜ do_get_question_api ｜ 68 ｜ Successfully searched similar images!
2023-06-28 11:13:02,630 ｜ DEBUG ｜ milvus_helpers.py ｜ search_vectors ｜ 102 ｜ Successfully search in collection: ["['(distance: 0.6795855164527893, id: 440902148240704084)', '(distance: 0.6101821660995483, id: 440902148240704178)', '(distance: 0.5604324340820312, id: 440902148240704179)', '(distance: 0.5579124689102173, id: 440902148240704169)', '(distance: 0.5571354627609253, id: 440902148240704158)', '(distance: 0.5513424873352051, id: 440902148240704146)', '(distance: 0.546223521232605, id: 440902148240704175)', '(distance: 0.5417504906654358, id: 440902148240704145)', '(distance: 0.5211875438690186, id: 440902148240704104)', '(distance: 0.5157727003097534, id: 440902148240704193)']"]
2023-06-28 11:13:02,632 ｜ DEBUG ｜ mysql_helpers.py ｜ search_by_milvus_id_for_answer ｜ 64 ｜ MYSQL search by milvus id.
2023-06-28 11:13:02,633 ｜ DEBUG ｜ mysql_helpers.py ｜ search_by_milvus_ids ｜ 94 ｜ MYSQL search by milvus id.
2023-06-28 11:13:02,634 ｜ DEBUG ｜ mysql_helpers.py ｜ search_by_milvus_id_for_pic ｜ 79 ｜ MYSQL search by milvus id.
2023-06-28 11:13:02,819 ｜ DEBUG ｜ milvus_helpers.py ｜ search_vectors ｜ 102 ｜ Successfully search in collection: ["['(distance: 0.6795855164527893, id: 440902148240704084)', '(distance: 0.6101821660995483, id: 440902148240704178)', '(distance: 0.5604324340820312, id: 440902148240704179)', '(distance: 0.5579124689102173, id: 440902148240704169)', '(distance: 0.5571354627609253, id: 440902148240704158)']"]
2023-06-28 11:13:02,820 ｜ DEBUG ｜ mysql_helpers.py ｜ search_by_milvus_ids ｜ 94 ｜ MYSQL search by milvus id.
2023-06-28 11:13:02,820 ｜ INFO ｜ remain.py ｜ do_get_question_api ｜ 68 ｜ Successfully searched similar images!
2023-06-28 11:23:01,729 ｜ DEBUG ｜ milvus_helpers.py ｜ search_vectors ｜ 102 ｜ Successfully search in collection: ["['(distance: 0.6341837644577026, id: 440902148240704169)', '(distance: 0.5591088533401489, id: 440902148240704158)', '(distance: 0.555187463760376, id: 440902148240704086)', '(distance: 0.5536761283874512, id: 440902148240704082)', '(distance: 0.542719304561615, id: 440902148240704146)', '(distance: 0.5220674276351929, id: 440902148240704174)', '(distance: 0.5196344256401062, id: 440902148240704178)', '(distance: 0.5110030174255371, id: 440902148240704156)', '(distance: 0.507628858089447, id: 440902148240704194)', '(distance: 0.506147027015686, id: 440902148240704135)']"]
2023-06-28 11:23:01,730 ｜ DEBUG ｜ mysql_helpers.py ｜ search_by_milvus_id_for_answer ｜ 64 ｜ MYSQL search by milvus id.
2023-06-28 11:23:01,731 ｜ DEBUG ｜ mysql_helpers.py ｜ search_by_milvus_ids ｜ 94 ｜ MYSQL search by milvus id.
2023-06-28 11:23:01,732 ｜ DEBUG ｜ mysql_helpers.py ｜ search_by_milvus_id_for_pic ｜ 79 ｜ MYSQL search by milvus id.
2023-06-28 11:23:01,789 ｜ DEBUG ｜ milvus_helpers.py ｜ search_vectors ｜ 102 ｜ Successfully search in collection: ["['(distance: 0.6341837644577026, id: 440902148240704169)', '(distance: 0.5591088533401489, id: 440902148240704158)', '(distance: 0.555187463760376, id: 440902148240704086)', '(distance: 0.5536761283874512, id: 440902148240704082)', '(distance: 0.542719304561615, id: 440902148240704146)']"]
2023-06-28 11:23:01,791 ｜ DEBUG ｜ mysql_helpers.py ｜ search_by_milvus_ids ｜ 94 ｜ MYSQL search by milvus id.
2023-06-28 11:23:01,791 ｜ INFO ｜ remain.py ｜ do_get_question_api ｜ 68 ｜ Successfully searched similar images!
2023-06-28 11:24:02,610 ｜ DEBUG ｜ milvus_helpers.py ｜ search_vectors ｜ 102 ｜ Successfully search in collection: ["['(distance: 0.7473440766334534, id: 440902148240704108)', '(distance: 0.7417940497398376, id: 440902148240704151)', '(distance: 0.7392032146453857, id: 440902148240704205)', '(distance: 0.7095335721969604, id: 440902148240704155)', '(distance: 0.6921030282974243, id: 440902148240704144)', '(distance: 0.6905940175056458, id: 440902148240704210)', '(distance: 0.6884349584579468, id: 440902148240704148)', '(distance: 0.6777410507202148, id: 440902148240704153)', '(distance: 0.6678069233894348, id: 440902148240704201)', '(distance: 0.6399017572402954, id: 440902148240704154)']"]
2023-06-28 11:24:02,612 ｜ DEBUG ｜ mysql_helpers.py ｜ search_by_milvus_id_for_answer ｜ 64 ｜ MYSQL search by milvus id.
2023-06-28 11:24:02,613 ｜ DEBUG ｜ mysql_helpers.py ｜ search_by_milvus_ids ｜ 94 ｜ MYSQL search by milvus id.
2023-06-28 11:24:02,613 ｜ DEBUG ｜ mysql_helpers.py ｜ search_by_milvus_id_for_pic ｜ 79 ｜ MYSQL search by milvus id.
2023-06-28 11:24:02,670 ｜ DEBUG ｜ milvus_helpers.py ｜ search_vectors ｜ 102 ｜ Successfully search in collection: ["['(distance: 0.7473440766334534, id: 440902148240704108)', '(distance: 0.7417940497398376, id: 440902148240704151)', '(distance: 0.7392032146453857, id: 440902148240704205)', '(distance: 0.7095335721969604, id: 440902148240704155)', '(distance: 0.6921030282974243, id: 440902148240704144)']"]
2023-06-28 11:24:02,672 ｜ DEBUG ｜ mysql_helpers.py ｜ search_by_milvus_ids ｜ 94 ｜ MYSQL search by milvus id.
2023-06-28 11:24:02,672 ｜ INFO ｜ remain.py ｜ do_get_question_api ｜ 68 ｜ Successfully searched similar images!
2023-06-28 11:30:26,232 ｜ INFO ｜ SentenceTransformer.py ｜ __init__ ｜ 41 ｜ Load pretrained SentenceTransformer: models/paraphrase-multilingual-mpnet-base-v2
2023-06-28 11:30:26,232 ｜ INFO ｜ SentenceTransformer.py ｜ __init__ ｜ 107 ｜ Load SentenceTransformer from folder: models/paraphrase-multilingual-mpnet-base-v2
2023-06-28 11:30:29,722 ｜ INFO ｜ SentenceTransformer.py ｜ __init__ ｜ 131 ｜ Use pytorch device: cpu
2023-06-28 11:30:29,726 ｜ DEBUG ｜ milvus_helpers.py ｜ __init__ ｜ 15 ｜ Successfully connect to Milvus with IP:('0.0.0.0',) and PORT:19530
2023-06-28 11:30:29,731 ｜ DEBUG ｜ selector_events.py ｜ __init__ ｜ 54 ｜ Using selector: EpollSelector
2023-06-28 11:30:56,101 ｜ DEBUG ｜ milvus_helpers.py ｜ search_vectors ｜ 102 ｜ Successfully search in collection: ["['(distance: 1.0000001192092896, id: 440902148240704152)', '(distance: 0.6937862634658813, id: 440902148240704091)', '(distance: 0.6190226078033447, id: 440902148240704096)', '(distance: 0.6112079620361328, id: 440902148240704154)', '(distance: 0.602816641330719, id: 440902148240704097)', '(distance: 0.601427435874939, id: 440902148240704181)', '(distance: 0.5976648330688477, id: 440902148240704186)', '(distance: 0.5825399160385132, id: 440902148240704093)', '(distance: 0.5805823802947998, id: 440902148240704189)', '(distance: 0.5784072279930115, id: 440902148240704184)']"]
2023-06-28 11:30:56,102 ｜ DEBUG ｜ mysql_helpers.py ｜ search_by_milvus_id_for_answer ｜ 64 ｜ MYSQL search by milvus id.
2023-06-28 11:30:56,103 ｜ DEBUG ｜ mysql_helpers.py ｜ search_by_milvus_ids ｜ 94 ｜ MYSQL search by milvus id.
2023-06-28 11:30:56,104 ｜ DEBUG ｜ mysql_helpers.py ｜ search_by_milvus_id_for_pic ｜ 79 ｜ MYSQL search by milvus id.
2023-06-28 11:30:56,104 ｜ ERROR ｜ remain.py ｜ do_get_answer_api ｜ 103 ｜ [Errno 2] No such file or directory: '/media/dell/home/question-answering/quick_deploy/server/src//pic/image.png'
2023-06-28 13:41:50,295 ｜ INFO ｜ SentenceTransformer.py ｜ __init__ ｜ 41 ｜ Load pretrained SentenceTransformer: models/paraphrase-multilingual-mpnet-base-v2
2023-06-28 13:41:50,295 ｜ INFO ｜ SentenceTransformer.py ｜ __init__ ｜ 107 ｜ Load SentenceTransformer from folder: models/paraphrase-multilingual-mpnet-base-v2
2023-06-28 13:41:53,797 ｜ INFO ｜ SentenceTransformer.py ｜ __init__ ｜ 131 ｜ Use pytorch device: cpu
2023-06-28 13:41:53,802 ｜ DEBUG ｜ milvus_helpers.py ｜ __init__ ｜ 15 ｜ Successfully connect to Milvus with IP:('0.0.0.0',) and PORT:19530
2023-06-28 13:41:53,808 ｜ DEBUG ｜ selector_events.py ｜ __init__ ｜ 54 ｜ Using selector: EpollSelector
2023-06-28 13:42:10,527 ｜ DEBUG ｜ milvus_helpers.py ｜ search_vectors ｜ 102 ｜ Successfully search in collection: ["['(distance: 0.8455768823623657, id: 440902148240704084)', '(distance: 0.69383704662323, id: 440902148240704175)', '(distance: 0.6661520600318909, id: 440902148240704179)', '(distance: 0.6616390943527222, id: 440902148240704144)', '(distance: 0.6500519514083862, id: 440902148240704197)', '(distance: 0.6431141495704651, id: 440902148240704178)', '(distance: 0.6415388584136963, id: 440902148240704145)', '(distance: 0.6302099823951721, id: 440902148240704141)', '(distance: 0.6268199682235718, id: 440902148240704146)', '(distance: 0.6236066818237305, id: 440902148240704157)']"]
2023-06-28 13:42:10,528 ｜ DEBUG ｜ mysql_helpers.py ｜ search_by_milvus_id_for_answer ｜ 64 ｜ MYSQL search by milvus id.
2023-06-28 13:42:10,529 ｜ DEBUG ｜ mysql_helpers.py ｜ search_by_milvus_ids ｜ 94 ｜ MYSQL search by milvus id.
2023-06-28 13:42:10,530 ｜ DEBUG ｜ mysql_helpers.py ｜ search_by_milvus_id_for_pic ｜ 79 ｜ MYSQL search by milvus id.
2023-06-28 13:42:10,588 ｜ DEBUG ｜ milvus_helpers.py ｜ search_vectors ｜ 102 ｜ Successfully search in collection: ["['(distance: 0.8455768823623657, id: 440902148240704084)', '(distance: 0.69383704662323, id: 440902148240704175)', '(distance: 0.6661520600318909, id: 440902148240704179)', '(distance: 0.6616390943527222, id: 440902148240704144)', '(distance: 0.6500519514083862, id: 440902148240704197)']"]
2023-06-28 13:42:10,589 ｜ DEBUG ｜ mysql_helpers.py ｜ search_by_milvus_ids ｜ 94 ｜ MYSQL search by milvus id.
2023-06-28 13:42:10,590 ｜ INFO ｜ remain.py ｜ do_get_question_api ｜ 69 ｜ Successfully searched similar images!
2023-06-28 13:43:36,396 ｜ DEBUG ｜ milvus_helpers.py ｜ search_vectors ｜ 102 ｜ Successfully search in collection: ["['(distance: 0.8455768823623657, id: 440902148240704084)', '(distance: 0.69383704662323, id: 440902148240704175)', '(distance: 0.6661520600318909, id: 440902148240704179)', '(distance: 0.6616390943527222, id: 440902148240704144)', '(distance: 0.6500519514083862, id: 440902148240704197)', '(distance: 0.6431141495704651, id: 440902148240704178)', '(distance: 0.6415388584136963, id: 440902148240704145)', '(distance: 0.6302099823951721, id: 440902148240704141)', '(distance: 0.6268199682235718, id: 440902148240704146)', '(distance: 0.6236066818237305, id: 440902148240704157)']"]
2023-06-28 13:43:36,397 ｜ DEBUG ｜ mysql_helpers.py ｜ search_by_milvus_id_for_answer ｜ 64 ｜ MYSQL search by milvus id.
2023-06-28 13:43:36,398 ｜ DEBUG ｜ mysql_helpers.py ｜ search_by_milvus_ids ｜ 94 ｜ MYSQL search by milvus id.
2023-06-28 13:43:36,399 ｜ DEBUG ｜ mysql_helpers.py ｜ search_by_milvus_id_for_pic ｜ 79 ｜ MYSQL search by milvus id.
2023-06-28 13:43:36,469 ｜ DEBUG ｜ milvus_helpers.py ｜ search_vectors ｜ 102 ｜ Successfully search in collection: ["['(distance: 0.8455768823623657, id: 440902148240704084)', '(distance: 0.69383704662323, id: 440902148240704175)', '(distance: 0.6661520600318909, id: 440902148240704179)', '(distance: 0.6616390943527222, id: 440902148240704144)', '(distance: 0.6500519514083862, id: 440902148240704197)']"]
2023-06-28 13:43:36,470 ｜ DEBUG ｜ mysql_helpers.py ｜ search_by_milvus_ids ｜ 94 ｜ MYSQL search by milvus id.
2023-06-28 13:43:36,471 ｜ INFO ｜ remain.py ｜ do_get_question_api ｜ 69 ｜ Successfully searched similar images!
2023-06-28 14:40:52,120 ｜ INFO ｜ SentenceTransformer.py ｜ __init__ ｜ 41 ｜ Load pretrained SentenceTransformer: models/paraphrase-multilingual-mpnet-base-v2
2023-06-28 14:40:52,120 ｜ INFO ｜ SentenceTransformer.py ｜ __init__ ｜ 107 ｜ Load SentenceTransformer from folder: models/paraphrase-multilingual-mpnet-base-v2
2023-06-28 14:40:55,530 ｜ INFO ｜ SentenceTransformer.py ｜ __init__ ｜ 131 ｜ Use pytorch device: cpu
2023-06-28 14:40:55,534 ｜ DEBUG ｜ milvus_helpers.py ｜ __init__ ｜ 15 ｜ Successfully connect to Milvus with IP:('0.0.0.0',) and PORT:19530
2023-06-28 14:40:55,540 ｜ DEBUG ｜ selector_events.py ｜ __init__ ｜ 54 ｜ Using selector: EpollSelector
